-- phpMyAdmin SQL Dump
-- version phpStudy 2014
-- http://www.phpmyadmin.net
--
-- ‰∏ªÊú∫: localhost
-- ÁîüÊàêÊó•Êúü: 2016 Âπ?08 Êú?04 Êó?12:57
-- ÊúçÂä°Âô®ÁâàÊú¨: 5.5.47
-- PHP ÁâàÊú¨: 5.6.16

SET SQL_MODE="NO_AUTO_VALUE_ON_ZERO";
SET time_zone = "+00:00";


/*!40101 SET @OLD_CHARACTER_SET_CLIENT=@@CHARACTER_SET_CLIENT */;
/*!40101 SET @OLD_CHARACTER_SET_RESULTS=@@CHARACTER_SET_RESULTS */;
/*!40101 SET @OLD_COLLATION_CONNECTION=@@COLLATION_CONNECTION */;
/*!40101 SET NAMES utf8 */;

--
-- Êï∞ÊçÆÂ∫ì: `urban`
--

-- --------------------------------------------------------

--
-- Ë°®ÁöÑÁªìÊûÑ `article`
--

CREATE TABLE IF NOT EXISTS `article` (
  `pid` int(11) NOT NULL AUTO_INCREMENT,
  `title` varchar(255) NOT NULL,
  `type` varchar(255) NOT NULL,
  `abstract` text NOT NULL,
  `picview` longtext NOT NULL COMMENT 'ÊñáÁ´†ÁöÑÂõæÁâá‰∏ãËΩΩÂú∞ÂùÄ',
  `picture_preview` varchar(255) NOT NULL COMMENT 'ÊñáÁ´†ÁöÑÂ∞ÅÈù¢È¢ÑËßàÂõæÁâá',
  `region` varchar(255) NOT NULL,
  `category` varchar(255) NOT NULL,
  `category2` varchar(255) NOT NULL,
  `posttime` int(11) NOT NULL,
  `updatetime` varchar(255) DEFAULT NULL,
  `deletetime` int(11) NOT NULL,
  `uploader` varchar(255) NOT NULL,
  `difficulty` varchar(255) NOT NULL,
  `download` int(11) NOT NULL,
  `tag` varchar(255) NOT NULL,
  `is_delete` int(1) NOT NULL DEFAULT '0',
  `video` longtext NOT NULL,
  PRIMARY KEY (`pid`),
  UNIQUE KEY `pid` (`pid`)
) ENGINE=MyISAM  DEFAULT CHARSET=utf8 AUTO_INCREMENT=111505 ;

--
-- ËΩ¨Â≠òË°®‰∏≠ÁöÑÊï∞ÊçÆ `article`
--

INSERT INTO `article` (`pid`, `title`, `type`, `abstract`, `picview`, `picture_preview`, `region`, `category`, `category2`, `posttime`, `updatetime`, `deletetime`, `uploader`, `difficulty`, `download`, `tag`, `is_delete`, `video`) VALUES
(12, 'Lorem ipsum dolor sit amet, consectetur adipiscing', 'magazine', 'Lorem ipsum dolor sit amet, consectetur adipiscing elit, sed do eiusmod tempor incididunt ut labore et dolore magna aliqua. Ut enim ad minim veniam, quis nonulla pariatur strud exercitation ullamco laboris nisi ut aliquip ex ea commodo consequat. Duis autenulla pariatur in reprehenderit in voluptate velit esse cillum dolore eu fugiat nulla pariatur.Duis autenulla pariatur in reprehenderit in voluptate velit esse cillum dolore eu fugiat nulla pariaturDuis autenulla pariatur in reprehenderit in voluptate velit esse cillum dolore eu fugiat nulla pariatur', 'Public/yl.com/uploadpic/yuelei/Coverpic/img_03.png', '', 'Shanghai', 'News', '', 1463435426, NULL, 0, 'guanliyuan@163.com', '4', 53, 'p,Paris,ppp', 0, ''),
(13, 'Lorem ipsum dolor sit amet, consectetur adipiscing', 'magazine', 'Lorem ipsum dolor sit amet, consectetur adipiscing elit, sed do eiusmod tempor incididunt ut labore et dolore magna aliqua. Ut enim ad minim veniam, quis nonulla pariatur strud exercitation ullamco laboris nisi ut aliquip ex ea commodo consequat. Duis autenulla pariatur in reprehenderit in voluptate velit esse cillum dolore eu fugiat nulla pariatur.Duis autenulla pariatur in reprehenderit in voluptate velit esse cillum dolore eu fugiat nulla pariaturDuis autenulla pariatur in reprehenderit in voluptate velit esse cillum dolore eu fugiat nulla pariatur', 'Public/yl.com/uploadpic/yuelei/Coverpic/img_03.png', '', 'Shanghai', 'News', '', 1463435426, NULL, 0, 'guanliyuan@163.com', '3', 55, 'p,Paris,ppp', 0, ''),
(14, 'Lorem ipsum dolor sit amet, consectetur adipiscing', 'magazine', 'Lorem ipsum dolor sit amet, consectetur adipiscing elit, sed do eiusmod tempor incididunt ut labore et dolore magna aliqua. Ut enim ad minim veniam, quis nonulla pariatur strud exercitation ullamco laboris nisi ut aliquip ex ea commodo consequat. Duis autenulla pariatur in reprehenderit in voluptate velit esse cillum dolore eu fugiat nulla pariatur.Duis autenulla pariatur in reprehenderit in voluptate velit esse cillum dolore eu fugiat nulla pariaturDuis autenulla pariatur in reprehenderit in voluptate velit esse cillum dolore eu fugiat nulla pariatur', 'Public/yl.com/uploadpic/yuelei/Coverpic/img_03.png', '', 'Shanghai', 'News', '', 1463435426, NULL, 0, 'guanliyuan@163.com', '2', 50, 'p,Paris,ppp', 0, ''),
(15, 'Lorem ipsum dolor sit amet, consectetur adipiscing', 'magazine', 'Lorem ipsum dolor sit amet, consectetur adipiscing elit, sed do eiusmod tempor incididunt ut labore et dolore magna aliqua. Ut enim ad minim veniam, quis nonulla pariatur strud exercitation ullamco laboris nisi ut aliquip ex ea commodo consequat. Duis autenulla pariatur in reprehenderit in voluptate velit esse cillum dolore eu fugiat nulla pariatur.Duis autenulla pariatur in reprehenderit in voluptate velit esse cillum dolore eu fugiat nulla pariaturDuis autenulla pariatur in reprehenderit in voluptate velit esse cillum dolore eu fugiat nulla pariatur', 'Public/yl.com/uploadpic/yuelei/Coverpic/img_03.png', '', 'BeiJing', 'News', '', 1463435426, NULL, 0, 'guanliyuan@163.com', '1', 50, 'p,Paris,ppp', 0, ''),
(16, 'ipsum dolor sit amet, consectetur adipiscing', 'magazine', 'consectetur adipiscing elit, sed do eiusmod tempor incididunt ut labore et dolore magna aliqua. Ut enim ad minim veniam, quis nonulla pariatur strud exercitation ullamco laboris nisi ut aliquip ex ea commodo consequat. Duis autenulla pariatur in reprehenderit in voluptate velit esse cillum dolore eu fugiat nulla pariatur.Duis autenulla pariatur in reprehenderit in voluptate velit esse cillum dolore eu fugiat nulla pariaturDuis autenulla pariatur in reprehenderit in voluptate velit esse cillum dolore eu fugiat nulla pariatur', 'Public/yl.com/uploadpic/yuelei/Coverpic/img_04.png', '', 'BeiJing', 'News', '', 1463435426, NULL, 0, 'guanliyuan@163.com', '2', 54, 'p,Paris,ppp', 0, ''),
(17, 'ipsum dolor sit amet, consectetur adipiscing', 'magazine', 'consectetur adipiscing elit, sed do eiusmod tempor incididunt ut labore et dolore magna aliqua. Ut enim ad minim veniam, quis nonulla pariatur strud exercitation ullamco laboris nisi ut aliquip ex ea commodo consequat. Duis autenulla pariatur in reprehenderit in voluptate velit esse cillum dolore eu fugiat nulla pariatur.Duis autenulla pariatur in reprehenderit in voluptate velit esse cillum dolore eu fugiat nulla pariaturDuis autenulla pariatur in reprehenderit in voluptate velit esse cillum dolore eu fugiat nulla pariatur', 'Public/yl.com/uploadpic/yuelei/Coverpic/img_04.png', '', 'BeiJing', 'News', '', 1463435426, NULL, 0, 'guanliyuan@163.com', '1', 50, 'p,Paris,ppp', 0, ''),
(18, 'ipsum dolor sit amet, consectetur adipiscing', 'magazine', 'consectetur adipiscing elit, sed do eiusmod tempor incididunt ut labore et dolore magna aliqua. Ut enim ad minim veniam, quis nonulla pariatur strud exercitation ullamco laboris nisi ut aliquip ex ea commodo consequat. Duis autenulla pariatur in reprehenderit in voluptate velit esse cillum dolore eu fugiat nulla pariatur.Duis autenulla pariatur in reprehenderit in voluptate velit esse cillum dolore eu fugiat nulla pariaturDuis autenulla pariatur in reprehenderit in voluptate velit esse cillum dolore eu fugiat nulla pariatur', 'Public/yl.com/uploadpic/yuelei/Coverpic/img_04.png', '', 'BeiJing', 'News', '', 1463435426, NULL, 0, 'guanliyuan@163.com', '5', 50, 'p,Paris,ppp', 0, ''),
(21, 'apple dolor sit amet, consectetur adipiscing', 'magazine', 'sed do eiusmod tempor incididunt ut labore et dolore magna aliqua. Ut enim ad minim veniam, quis nonulla pariatur strud exercitation ullamco laboris nisi ut aliquip ex ea commodo consequat. Duis autenulla pariatur in reprehenderit in voluptate velit esse cillum dolore eu fugiat nulla pariatur.Duis autenulla pariatur in reprehenderit in voluptate velit esse cillum dolore eu fugiat nulla pariaturDuis autenulla pariatur in reprehenderit in voluptate velit esse cillum dolore eu fugiat nulla pariatur', 'Public/yl.com/uploadpic/yuelei/Coverpic/img_05.png', '', 'BeiJing', 'News', '', 1463435426, NULL, 0, 'guanliyuan@163.com', '1', 50, '', 0, ''),
(23, 'apple dolor sit amet, consectetur adipiscing', 'magazine', 'sed do eiusmod tempor incididunt ut labore et dolore magna aliqua. Ut enim ad minim veniam, quis nonulla pariatur strud exercitation ullamco laboris nisi ut aliquip ex ea commodo consequat. Duis autenulla pariatur in reprehenderit in voluptate velit esse cillum dolore eu fugiat nulla pariatur.Duis autenulla pariatur in reprehenderit in voluptate velit esse cillum dolore eu fugiat nulla pariaturDuis autenulla pariatur in reprehenderit in voluptate velit esse cillum dolore eu fugiat nulla pariatur', 'Public/yl.com/uploadpic/yuelei/Coverpic/img_05.png', '', 'BeiJing', 'News', '', 1463435426, NULL, 0, 'guanliyuan@163.com', '3', 50, '', 0, ''),
(24, 'apple dolor sit amet, consectetur adipiscing', 'magazine', 'sed do eiusmod tempor incididunt ut labore et dolore magna aliqua. Ut enim ad minim veniam, quis nonulla pariatur strud exercitation ullamco laboris nisi ut aliquip ex ea commodo consequat. Duis autenulla pariatur in reprehenderit in voluptate velit esse cillum dolore eu fugiat nulla pariatur.Duis autenulla pariatur in reprehenderit in voluptate velit esse cillum dolore eu fugiat nulla pariaturDuis autenulla pariatur in reprehenderit in voluptate velit esse cillum dolore eu fugiat nulla pariatur', 'Public/yl.com/uploadpic/yuelei/Coverpic/img_05.png', '', 'BeiJing', 'News', '', 1463435426, NULL, 0, 'guanliyuan@163.com', '4', 50, '', 0, ''),
(25, 'apple dolor sit amet, consectetur adipiscing', 'magazine', 'sed do eiusmod tempor incididunt ut labore et dolore magna aliqua. Ut enim ad minim veniam, quis nonulla pariatur strud exercitation ullamco laboris nisi ut aliquip ex ea commodo consequat. Duis autenulla pariatur in reprehenderit in voluptate velit esse cillum dolore eu fugiat nulla pariatur.Duis autenulla pariatur in reprehenderit in voluptate velit esse cillum dolore eu fugiat nulla pariaturDuis autenulla pariatur in reprehenderit in voluptate velit esse cillum dolore eu fugiat nulla pariatur', 'Public/yl.com/uploadpic/yuelei/Coverpic/img_05.png', '', 'BeiJing', 'News', '', 1463435426, NULL, 0, 'guanliyuan@163.com', '5', 50, '', 0, ''),
(26, 'apple amet, consectetur adipiscing', 'magazine', 'do eiusmod tempor incididunt ut labore et dolore magna aliqua. Ut enim ad minim veniam, quis nonulla pariatur strud exercitation ullamco laboris nisi ut aliquip ex ea commodo consequat. Duis autenulla pariatur in reprehenderit in voluptate velit esse cillum dolore eu fugiat nulla pariatur.Duis autenulla pariatur in reprehenderit in voluptate velit esse cillum dolore eu fugiat nulla pariaturDuis autenulla pariatur in reprehenderit in voluptate velit esse cillum dolore eu fugiat nulla pariatur', 'Public/yl.com/uploadpic/yuelei/Coverpic/img_03.png', '', 'BeiJing', 'Lifestyle', 'Interviews', 1463435426, NULL, 0, 'guanliyuan@163.com', '5', 51, '', 0, ''),
(28, 'amet, consectetur adipiscing', 'magazine', 'do eiusmod tempor incididunt ut labore et dolore magna aliqua. Ut enim ad minim veniam, quis nonulla pariatur strud exercitation ullamco laboris nisi ut aliquip ex ea commodo consequat. Duis autenulla pariatur in reprehenderit in voluptate velit esse cillum dolore eu fugiat nulla pariatur.Duis autenulla pariatur in reprehenderit in voluptate velit esse cillum dolore eu fugiat nulla pariaturDuis autenulla pariatur in reprehenderit in voluptate velit esse cillum dolore eu fugiat nulla pariatur', 'Public/yl.com/uploadpic/yuelei/Coverpic/img_03.png', '', 'BeiJing', 'Lifestyle', 'Interviews', 1463435426, NULL, 0, 'guanliyuan@163.com', '5', 50, '', 0, ''),
(29, 'amet, consectetur adipiscing', 'magazine', 'do eiusmod tempor incididunt ut labore et dolore magna aliqua. Ut enim ad minim veniam, quis nonulla pariatur strud exercitation ullamco laboris nisi ut aliquip ex ea commodo consequat. Duis autenulla pariatur in reprehenderit in voluptate velit esse cillum dolore eu fugiat nulla pariatur.Duis autenulla pariatur in reprehenderit in voluptate velit esse cillum dolore eu fugiat nulla pariaturDuis autenulla pariatur in reprehenderit in voluptate velit esse cillum dolore eu fugiat nulla pariatur', 'Public/yl.com/uploadpic/yuelei/Coverpic/img_03.png', '', 'BeiJing', 'Lifestyle', 'Interviews', 1463435426, NULL, 0, 'guanliyuan@163.com', '5', 50, '', 0, ''),
(30, 'amet, consectetur adipiscing', 'magazine', 'do eiusmod tempor incididunt ut labore et dolore magna aliqua. Ut enim ad minim veniam, quis nonulla pariatur strud exercitation ullamco laboris nisi ut aliquip ex ea commodo consequat. Duis autenulla pariatur in reprehenderit in voluptate velit esse cillum dolore eu fugiat nulla pariatur.Duis autenulla pariatur in reprehenderit in voluptate velit esse cillum dolore eu fugiat nulla pariaturDuis autenulla pariatur in reprehenderit in voluptate velit esse cillum dolore eu fugiat nulla pariatur', 'Public/yl.com/uploadpic/yuelei/Coverpic/img_03.png', '', 'BeiJing', 'Lifestyle', 'Interviews', 1463435426, NULL, 0, 'guanliyuan@163.com', '5', 50, '', 0, ''),
(31, 'Lorem ipsum dolor sit amet, consectetur adipiscing', 'digital', 'eiusmod tempor incididunt ut labore et dolore magna aliqua. Ut enim ad minim veniam, quis nonulla pariatur strud exercitation ullamco laboris nisi ut aliquip ex ea commodo consequat. Duis autenulla pariatur in reprehenderit in voluptate velit esse cillum dolore eu fugiat nulla pariatur.Duis autenulla pariatur in reprehenderit in voluptate velit esse cillum dolore eu fugiat nulla pariaturDuis autenulla pariatur in reprehenderit in voluptate velit esse cillum dolore eu fugiat nulla pariatur', 'Public/yl.com/uploadpic/yuelei/Coverpic/img_02.png', '', 'BeiJing', 'Arts&Entertainment', 'Art', 1463435426, NULL, 0, 'guanliyuan@163.com', '5', 51, '', 0, ''),
(32, 'Lorem ipsum dolor sit amet, consectetur adipiscing', 'magazine', 'eiusmod tempor incididunt ut labore et dolore magna aliqua. Ut enim ad minim veniam, quis nonulla pariatur strud exercitation ullamco laboris nisi ut aliquip ex ea commodo consequat. Duis autenulla pariatur in reprehenderit in voluptate velit esse cillum dolore eu fugiat nulla pariatur.Duis autenulla pariatur in reprehenderit in voluptate velit esse cillum dolore eu fugiat nulla pariaturDuis autenulla pariatur in reprehenderit in voluptate velit esse cillum dolore eu fugiat nulla pariatur', 'Public/yl.com/uploadpic/yuelei/Coverpic/img_02.png', '', 'BeiJing', 'Arts&Entertainment', 'Art', 1463435426, NULL, 0, 'guanliyuan@163.com', '5', 50, '', 0, ''),
(33, 'Lorem ipsum dolor sit amet, consectetur adipiscing', 'magazine', 'eiusmod tempor incididunt ut labore et dolore magna aliqua. Ut enim ad minim veniam, quis nonulla pariatur strud exercitation ullamco laboris nisi ut aliquip ex ea commodo consequat. Duis autenulla pariatur in reprehenderit in voluptate velit esse cillum dolore eu fugiat nulla pariatur.Duis autenulla pariatur in reprehenderit in voluptate velit esse cillum dolore eu fugiat nulla pariaturDuis autenulla pariatur in reprehenderit in voluptate velit esse cillum dolore eu fugiat nulla pariatur', 'Public/yl.com/uploadpic/yuelei/Coverpic/img_02.png', '', 'BeiJing', 'Arts&Entertainment', 'Art', 1463435426, NULL, 0, 'guanliyuan@163.com', '5', 50, '', 0, ''),
(111183, '123123333333333', 'magazine', '22222222222', 'Public/yl.com/uploadpic/yuelei/Coverpic/20160603160722808.jpg', '', 'Shanghai', 'News', '', 1463435426, NULL, 0, 'guanliyuan@163.com', '1', 0, '222222222', 0, ''),
(111184, 'wwwwwwwwwww', 'magazine', 'wwwwwwwwwwwwwwww', 'Public/yl.com/uploadpic/yuelei/Coverpic/20160603160829584.jpg', '', 'Shanghai', 'News', '', 1463435426, NULL, 0, 'guanliyuan@163.com', '1', 0, 'wwwwwwwwwwwwwww', 0, ''),
(35, 'Lorem ipsum dolor sit amet, consectetur adipiscing', 'magazine', 'eiusmod tempor incididunt ut labore et dolore magna aliqua. Ut enim ad minim veniam, quis nonulla pariatur strud exercitation ullamco laboris nisi ut aliquip ex ea commodo consequat. Duis autenulla pariatur in reprehenderit in voluptate velit esse cillum dolore eu fugiat nulla pariatur.Duis autenulla pariatur in reprehenderit in voluptate velit esse cillum dolore eu fugiat nulla pariaturDuis autenulla pariatur in reprehenderit in voluptate velit esse cillum dolore eu fugiat nulla pariatur', 'Public/yl.com/uploadpic/yuelei/Coverpic/img_02.png', '', 'BeiJing', 'Education', '', 1463435426, NULL, 0, 'guanliyuan@163.com', '5', 50, '', 0, ''),
(36, 'ipsum dolor sit amet, consectetur adipiscing', 'magazine', 'sed do eiusmod tempor incididunt ut labore et dolore magna aliqua. Ut enim ad minim veniam, quis nonulla pariatur strud exercitation ullamco laboris nisi ut aliquip ex ea commodo consequat. Duis autenulla pariatur in reprehenderit in voluptate velit esse cillum dolore eu fugiat nulla pariatur.Duis autenulla pariatur in reprehenderit in voluptate velit esse cillum dolore eu fugiat nulla pariaturDuis autenulla pariatur in reprehenderit in voluptate velit esse cillum dolore eu fugiat nulla pariatur', 'Public/yl.com/uploadpic/yuelei/Coverpic/img_01.png', '', 'Shenzhen', 'Community', '', 1463435426, NULL, 0, 'guanliyuan@163.com', '5', 50, '', 0, ''),
(111446, 'Èí±Èí±Èí±Èí±Èí±Èí±Èí±Èí±', 'magazine', '1', '', '/Public/yl.com/uploadpic/picture/Coverpic/20160726161023616.png', 'Shanghai', 'Arts&Entertainment', 'Null', 1469514126, '1469592074', 0, '', '', 0, '1', 0, '<p>1</p>\n'),
(111497, '123123', 'magazine', '123', '', '/Public/yl.com/uploadpic/picture/Coverpic/20160801151120166.png', 'Shanghai', 'Arts&Entertainment', 'Null', 1470035482, '1470041712', 1470042522, 'gaojibianji@163.com', '1', 0, '1,2,3,4,213,Amsterdam', 1, '<p>123123123</p>\n'),
(111445, 'ÂÖ®ÁêÉ', 'magazine', '1', '', '/Public/yl.com/uploadpic/picture/Coverpic/20160726161023616.png', 'Shanghai', 'Arts&Entertainment', 'Null', 1469514126, '1469592110', 0, '', '', 0, '1', 0, '<p>1</p>\n'),
(44, 'dolor sit amet, consectetur adipiscing', 'magazine', 'do eiusmod tempor incididunt ut labore et dolore magna aliqua. Ut enim ad minim veniam, quis nonulla pariatur strud exercitation ullamco laboris nisi ut aliquip ex ea commodo consequat. Duis autenulla pariatur in reprehenderit in voluptate velit esse cillum dolore eu fugiat nulla pariatur.Duis autenulla pariatur in reprehenderit in voluptate velit esse cillum dolore eu fugiat nulla pariaturDuis autenulla pariatur in reprehenderit in voluptate velit esse cillum dolore eu fugiat nulla pariatur', 'Public/yl.com/uploadpic/yuelei/Coverpic/img_03.png', '', 'Shenzhen', 'Arts&Entertainment', 'Art', 1463435426, NULL, 0, 'guanliyuan@163.com', '5', 50, '', 0, ''),
(45, 'dolor sit amet, consectetur adipiscing', 'magazine', 'do eiusmod tempor incididunt ut labore et dolore magna aliqua. Ut enim ad minim veniam, quis nonulla pariatur strud exercitation ullamco laboris nisi ut aliquip ex ea commodo consequat. Duis autenulla pariatur in reprehenderit in voluptate velit esse cillum dolore eu fugiat nulla pariatur.Duis autenulla pariatur in reprehenderit in voluptate velit esse cillum dolore eu fugiat nulla pariaturDuis autenulla pariatur in reprehenderit in voluptate velit esse cillum dolore eu fugiat nulla pariatur', 'Public/yl.com/uploadpic/yuelei/Coverpic/img_03.png', '', 'Shenzhen', 'Arts&Entertainment', 'Art', 1463435426, NULL, 0, 'guanliyuan@163.com', '5', 50, '', 0, ''),
(46, 'Lorem ipsum dolor sit amet, consectetur adipiscing', 'magazine', 'eiusmod tempor incididunt ut labore et dolore magna aliqua. Ut enim ad minim veniam, quis nonulla pariatur strud exercitation ullamco laboris nisi ut aliquip ex ea commodo consequat. Duis autenulla pariatur in reprehenderit in voluptate velit esse cillum dolore eu fugiat nulla pariatur.Duis autenulla pariatur in reprehenderit in voluptate velit esse cillum dolore eu fugiat nulla pariaturDuis autenulla pariatur in reprehenderit in voluptate velit esse cillum dolore eu fugiat nulla pariatur', 'Public/yl.com/uploadpic/yuelei/Coverpic/img_04.png', '', 'Shenzhen', 'Photos', '', 1463435426, NULL, 0, 'guanliyuan@163.com', '5', 50, '', 0, ''),
(47, 'Lorem ipsum dolor sit amet, consectetur adipiscing', 'magazine', 'eiusmod tempor incididunt ut labore et dolore magna aliqua. Ut enim ad minim veniam, quis nonulla pariatur strud exercitation ullamco laboris nisi ut aliquip ex ea commodo consequat. Duis autenulla pariatur in reprehenderit in voluptate velit esse cillum dolore eu fugiat nulla pariatur.Duis autenulla pariatur in reprehenderit in voluptate velit esse cillum dolore eu fugiat nulla pariaturDuis autenulla pariatur in reprehenderit in voluptate velit esse cillum dolore eu fugiat nulla pariatur', 'Public/yl.com/uploadpic/yuelei/Coverpic/img_04.png', '', 'Shenzhen', 'Photos', '', 1463435426, NULL, 0, 'guanliyuan@163.com', '5', 50, '', 0, ''),
(48, 'Lorem ipsum dolor sit amet, consectetur adipiscing', 'magazine', 'eiusmod tempor incididunt ut labore et dolore magna aliqua. Ut enim ad minim veniam, quis nonulla pariatur strud exercitation ullamco laboris nisi ut aliquip ex ea commodo consequat. Duis autenulla pariatur in reprehenderit in voluptate velit esse cillum dolore eu fugiat nulla pariatur.Duis autenulla pariatur in reprehenderit in voluptate velit esse cillum dolore eu fugiat nulla pariaturDuis autenulla pariatur in reprehenderit in voluptate velit esse cillum dolore eu fugiat nulla pariatur', 'Public/yl.com/uploadpic/yuelei/Coverpic/img_04.png', '', 'Shenzhen', 'Photos', '', 1463435426, NULL, 0, 'guanliyuan@163.com', '5', 50, '', 0, ''),
(49, 'Lorem ipsum dolor sit amet, consectetur adipiscing', 'magazine', 'eiusmod tempor incididunt ut labore et dolore magna aliqua. Ut enim ad minim veniam, quis nonulla pariatur strud exercitation ullamco laboris nisi ut aliquip ex ea commodo consequat. Duis autenulla pariatur in reprehenderit in voluptate velit esse cillum dolore eu fugiat nulla pariatur.Duis autenulla pariatur in reprehenderit in voluptate velit esse cillum dolore eu fugiat nulla pariaturDuis autenulla pariatur in reprehenderit in voluptate velit esse cillum dolore eu fugiat nulla pariatur', 'Public/yl.com/uploadpic/yuelei/Coverpic/img_04.png', '', 'Shenzhen', 'Photos', '', 1463435426, NULL, 0, 'guanliyuan@163.com', '5', 50, '', 0, ''),
(50, 'Lorem ipsum dolor sit amet, consectetur adipiscing', 'magazine', 'eiusmod tempor incididunt ut labore et dolore magna aliqua. Ut enim ad minim veniam, quis nonulla pariatur strud exercitation ullamco laboris nisi ut aliquip ex ea commodo consequat. Duis autenulla pariatur in reprehenderit in voluptate velit esse cillum dolore eu fugiat nulla pariatur.Duis autenulla pariatur in reprehenderit in voluptate velit esse cillum dolore eu fugiat nulla pariaturDuis autenulla pariatur in reprehenderit in voluptate velit esse cillum dolore eu fugiat nulla pariatur', 'Public/yl.com/uploadpic/yuelei/Coverpic/img_04.png', '', 'Shenzhen', 'Photos', '', 1463435426, NULL, 0, 'guanliyuan@163.com', '5', 50, '', 0, ''),
(111185, '', '', '', 'Public/yl.com/uploadpic/picture/Coverpic/20160630154013375.png', '', '', '', '', 1463435426, NULL, 0, 'guanliyuan@163.com', '2', 0, '', 0, ''),
(111187, '', '', '', 'Public/yl.com/uploadpic/picture/Coverpic/20160630154013375.png', '', '', '', '', 1463435426, NULL, 0, 'guanliyuan@163.com', '2', 0, '', 0, ''),
(52, 'sit amet, consectetur adipiscing', 'magazine', 'tempor incididunt ut labore et dolore magna aliqua. Ut enim ad minim veniam, quis nonulla pariatur strud exercitation ullamco laboris nisi ut aliquip ex ea commodo consequat. Duis autenulla pariatur in reprehenderit in voluptate velit esse cillum dolore eu fugiat nulla pariatur.Duis autenulla pariatur in reprehenderit in voluptate velit esse cillum dolore eu fugiat nulla pariaturDuis autenulla pariatur in reprehenderit in voluptate velit esse cillum dolore eu fugiat nulla pariatur', 'Public/yl.com/uploadpic/yuelei/Coverpic/img_05.png', '', 'Shenzhen', 'Videos', '', 1463435426, NULL, 0, 'guanliyuan@163.com', '5', 50, '', 0, ''),
(53, 'sit amet, consectetur adipiscing', 'magazine', 'tempor incididunt ut labore et dolore magna aliqua. Ut enim ad minim veniam, quis nonulla pariatur strud exercitation ullamco laboris nisi ut aliquip ex ea commodo consequat. Duis autenulla pariatur in reprehenderit in voluptate velit esse cillum dolore eu fugiat nulla pariatur.Duis autenulla pariatur in reprehenderit in voluptate velit esse cillum dolore eu fugiat nulla pariaturDuis autenulla pariatur in reprehenderit in voluptate velit esse cillum dolore eu fugiat nulla pariatur', 'Public/yl.com/uploadpic/yuelei/Coverpic/img_05.png', '', 'Shenzhen', 'Videos', '', 1463435426, NULL, 0, 'guanliyuan@163.com', '5', 50, '', 0, ''),
(54, 'sit amet, consectetur adipiscing', 'magazine', 'tempor incididunt ut labore et dolore magna aliqua. Ut enim ad minim veniam, quis nonulla pariatur strud exercitation ullamco laboris nisi ut aliquip ex ea commodo consequat. Duis autenulla pariatur in reprehenderit in voluptate velit esse cillum dolore eu fugiat nulla pariatur.Duis autenulla pariatur in reprehenderit in voluptate velit esse cillum dolore eu fugiat nulla pariaturDuis autenulla pariatur in reprehenderit in voluptate velit esse cillum dolore eu fugiat nulla pariatur', 'Public/yl.com/uploadpic/yuelei/Coverpic/img_05.png', '', 'Shenzhen', 'Videos', '', 1463435426, NULL, 0, 'guanliyuan@163.com', '5', 50, '', 0, ''),
(55, 'sit amet, consectetur adipiscing', 'magazine', 'tempor incididunt ut labore et dolore magna aliqua. Ut enim ad minim veniam, quis nonulla pariatur strud exercitation ullamco laboris nisi ut aliquip ex ea commodo consequat. Duis autenulla pariatur in reprehenderit in voluptate velit esse cillum dolore eu fugiat nulla pariatur.Duis autenulla pariatur in reprehenderit in voluptate velit esse cillum dolore eu fugiat nulla pariaturDuis autenulla pariatur in reprehenderit in voluptate velit esse cillum dolore eu fugiat nulla pariatur', 'Public/yl.com/uploadpic/yuelei/Coverpic/img_05.png', '', 'Shenzhen', 'Videos', '', 1463435426, NULL, 0, 'guanliyuan@163.com', '5', 50, '', 0, ''),
(111351, '1231111', 'magazine', '', '', '/Public/yl.com/uploadpic/picture/Coverpic/20160720152049991.png', 'Shanghai', 'News', '', 1469005975, NULL, 0, 'gaojibianji@163.com', '1', 0, '111111111111111 ,111', 0, '<p>111</p>\n'),
(111357, '‰∫≤‰∫≤‰∫≤‰∫≤‰∫≤‰∫≤‰∫≤‰∫≤‰∫≤', 'magazine', 'zzzzzzzzzzzzzzzz', '/Public/ckfinder/userfiles/gaojibianji@163.com/files/a.jpg|/Public/ckfinder/userfiles/gaojibianji@163.com/files/img_01.png', '/Public/yl.com/uploadpic/picture/Coverpic/20160720200847424.png', 'Shanghai', 'News', '', 1469016607, NULL, 0, 'gaojibianji@163.com', '1', 1, 'ÂéªÂéª', 0, '<p>123123123</p>\n\n<p><img alt="" src="/Public/ckfinder/userfiles/gaojibianji@163.com/files/a.jpg" style="height:124px; width:125px" /></p>\n\n<p>`3123123<img alt="" src="/Public/ckfinder/userfiles/gaojibianji@163.com/files/img_01.png" style="height:110px; width:180px" /></p>\n\n<p>&nbsp;</p>\n\n<p><iframe allowfullscreen="" frameborder="0" height="498" src="http://v.qq.com/iframe/player.html?vid=n0304dsq9l5&amp;tiny=0&amp;auto=0" width="640"></iframe></p>\n'),
(111349, '1231111', 'magazine', '', '', '/Public/yl.com/uploadpic/picture/Coverpic/20160720152049991.png', 'Shanghai', 'News', '', 1469005797, NULL, 0, 'gaojibianji@163.com', '1', 0, '', 0, '<p>111</p>\n'),
(111236, 'hhhh111', 'magazine', 'hhh111', 'Public/yl.com/uploadpic/picture/Coverpic/20160630154013375.png', '', 'Shenzhen', 'Eat', '', 1467272426, NULL, 0, 'bianji@163.com', '1', 0, 'hhh111', 0, ''),
(111227, '123', 'magazine', '123', 'Public/yl.com/uploadpic/picture/magazine/20160630094311743.png', '', 'Shanghai', 'News', '', 1467250992, NULL, 0, 'gaojibianji@163.com', '1', 0, '123', 0, ''),
(111226, 'yyy1', 'digital', 'yyy1', 'Public/yl.com/uploadpic/picture/Coverpic/20160629164943789.png', '', 'Shenzhen', 'Eat', '', 1467190167, NULL, 1467190253, 'bianji@163.com', '1', 0, 'yyy1', 0, ''),
(111234, '123123123', 'magazine', '23', 'Public/yl.com/uploadpic/picture/magazine/20160630115946287.png', '', 'Shanghai', 'News', '', 1467259192, NULL, 0, 'gaojibianji@163.com', '1', 0, '23', 0, ''),
(111225, 'yyyyyyyyyyyyyyyy', 'digital', 'yyyyyyyyyyyyyy', 'Public/yl.com/uploadpic/picture/Coverpic/20160705093907943.png', '', 'Beijing', 'Videos', '', 1467091977, NULL, 0, 'gaojibianji@163.com', '5', 0, 'yyyyyyyyyyyy', 0, ''),
(111238, '', '', '', 'Public/yl.com/uploadpic/picture/Coverpic/20160701150122330.png', '', '', '', '', 1467354955, NULL, 0, 'gaojibianji@163.com', '3', 0, '', 0, ''),
(111237, '', '', '', 'Public/yl.com/uploadpic/picture/Coverpic/20160701150122330.png', '', '', '', '', 1467353319, NULL, 0, 'gaojibianji@163.com', '2', 0, '', 0, ''),
(111221, '123', 'magazine', '123123', '', '', 'Shenzhen', 'Eat', '', 1467012560, NULL, 0, 'bianji@163.com', '2', 0, '123123', 0, ''),
(111220, '', '', '', 'Public/yl.com/uploadpic/picture/Coverpic/20160630154013375.png', '', '', '', '', 1467012472, NULL, 0, 'bianji@163.com', '1', 0, '', 0, ''),
(111219, '', '', '', 'Public/yl.com/uploadpic/picture/Coverpic/20160630154013375.png', '', '', '', '', 1467012414, NULL, 1467250219, 'bianji@163.com', '2', 0, '', 0, ''),
(111235, '', '', '', 'Public/yl.com/uploadpic/picture/Coverpic/20160701150122330.png', '', '', '', '', 1467259218, NULL, 0, 'gaojibianji@163.com', '2', 0, '', 0, ''),
(111250, '1', 'digital', '1', 'Public/yl.com/uploadpic/picture/Coverpic/20160704173158718.png', '', 'Shenzhen', 'Art', '', 1467624719, NULL, 0, 'gaojibianji@163.com', '1', 0, '1', 0, ''),
(111240, '', '', '', 'Public/yl.com/uploadpic/picture/Coverpic/20160701150122330.png', '', '', '', '', 1467356489, NULL, 0, 'gaojibianji@163.com', '1', 0, '', 0, ''),
(111251, 'ttttttttttt', 'digital', 'tttt', 'Public/yl.com/uploadpic/picture/Coverpic/20160705093907943.png', '', 'Beijing', 'News', '', 1467682753, NULL, 0, 'gaojibianji@163.com', '5', 0, 'tttt', 0, ''),
(111252, '11111111', 'magazine', '1111111111111111111', 'Public/yl.com/uploadpic/picture/magazine/20160706132815471.png', '', 'Shanghai', 'News', '', 1467782932, NULL, 0, 'gaojibianji@163.com', '1', 0, '11111111111111111', 0, ''),
(111258, '', 'magazine', '', 'Public/yl.com/uploadpic/picture/magazine/20160706163355697.png', '', 'Shanghai', 'News', '', 1467794074, NULL, 0, 'gaojibianji@163.com', '1', 0, '', 0, ''),
(111259, '', 'magazine', '', 'Public/yl.com/uploadpic/picture/magazine/20160706163737754.png', '', 'Shanghai', 'News', '', 1467794259, NULL, 0, 'gaojibianji@163.com', '', 0, '', 0, ''),
(111260, '', 'magazine', '', 'Public/yl.com/uploadpic/picture/magazine/20160706163849531.png', '', 'Shanghai', 'News', '', 1467794339, NULL, 0, 'gaojibianji@163.com', '1', 0, '', 0, ''),
(111353, 'yyyyyyyyy', 'magazine', 'yyyyyyyyyyyyyy', '', '/Public/yl.com/uploadpic/picture/Coverpic/20160720171500574.png', 'Shanghai', 'News', '', 1469006104, NULL, 0, 'gaojibianji@163.com', '1', 0, '', 0, '<p>uyyyyyyyyyyyyyyyy</p>\n'),
(111354, 'yyyyyyyyy', 'magazine', 'yyyyyyyyyyyyyy', '', '/Public/yl.com/uploadpic/picture/Coverpic/20160720171500574.png', 'Shanghai', 'News', '', 1469006110, NULL, 0, 'gaojibianji@163.com', '1', 0, 'yyyyyyyyyyyyyy', 0, '<p>uyyyyyyyyyyyyyyyy</p>\n'),
(111276, '', 'magazine', '', 'Public/yl.com/uploadpic/picture/magazine/20160707150938718.png', '', 'Shanghai', 'News', '', 1467875385, NULL, 0, 'gaojibianji@163.com', '1', 0, '', 0, ''),
(111277, '', 'magazine', '', 'Public/yl.com/uploadpic/picture/magazine/20160707151108115.png', '', 'Shanghai', 'News', '', 1467875471, NULL, 0, 'gaojibianji@163.com', '1', 0, '', 0, ''),
(111278, '', 'magazine', '', 'Public/yl.com/uploadpic/picture/magazine/20160707153131956.png', '', 'Shanghai', 'News', '', 1467876695, NULL, 0, 'bianji@163.com', '1', 0, '', 0, ''),
(111279, '', 'magazine', '', 'Public/yl.com/uploadpic/picture/magazine/20160707153435700.png', '', 'Shanghai', 'News', '', 1467876880, NULL, 0, 'bianji@163.com', '1', 0, '', 0, ''),
(111280, '111111111111111', 'magazine', '', 'Public/yl.com/uploadpic/picture/magazine/20160707154931886.png', '', 'Shanghai', 'News', '', 1467877806, NULL, 0, 'bianji@163.com', '1', 0, '', 0, ''),
(111281, '', 'magazine', '', 'Public/yl.com/uploadpic/picture/magazine/20160707155255632.png', '', 'Shanghai', 'News', '', 1467877978, NULL, 0, 'bianji@163.com', '1', 0, '', 0, ''),
(111282, '', 'magazine', '', 'Public/yl.com/uploadpic/picture/magazine/20160707162604237.png', '', 'Shanghai', 'News', '', 1467879965, NULL, 0, 'bianji@163.com', '1', 0, '', 0, ''),
(111283, '', '', '', 'Public/yl.com/uploadpic/picture/digital/20160707162604237.png', '', '', '', '', 1467879965, NULL, 0, 'bianji@163.com', '', 0, '', 0, ''),
(111284, '1111', 'magazine', '', 'Public/yl.com/uploadpic/picture/magazine/20160707163145850.png', '', 'Shanghai', 'News', '', 1467880309, NULL, 0, 'bianji@163.com', '1', 0, '', 0, ''),
(111285, '', 'magazine', '', 'Public/yl.com/uploadpic/picture/magazine/20160707163905640.png', '', 'Shanghai', 'News', '', 1467880747, NULL, 0, 'bianji@163.com', '1', 0, '', 0, ''),
(111286, '', 'magazine', '', 'Public/yl.com/uploadpic/picture/magazine/20160707164437613.png', '', 'Shanghai', 'News', '', 1467881089, NULL, 0, 'bianji@163.com', '1', 0, '', 0, ''),
(111288, '', '', '', 'Public/yl.com/uploadpic/picture/digital/20160708100748133.png', '', '', '', '', 1467943670, NULL, 0, 'gaojibianji@163.com', '', 0, '', 0, '<p>123123</p>\n'),
(111289, '123123123123', '', '', 'Public/yl.com/uploadpic/picture/digital/20160708101856158.png', '', '', '', '', 1467944338, NULL, 0, 'gaojibianji@163.com', '', 0, '', 0, '<p>123123</p>\n'),
(111290, '555555555555555555', '', '', 'Public/yl.com/uploadpic/picture/digital/20160708102525562.png', '', '', '', '', 1467944733, NULL, 0, 'gaojibianji@163.com', '', 0, '', 0, '<p>55555</p>\n'),
(111352, '23123', 'magazine', '3123123123', '', '/Public/yl.com/uploadpic/picture/Coverpic/20160720171356606.png', 'Shanghai', 'News', '', 1469006038, NULL, 0, 'gaojibianji@163.com', '1', 0, '111111111111111 ,111', 0, '<p>111</p>\n'),
(111292, '1111111', 'magazine', '11111111111111', 'Public/yl.com/uploadpic/picture/magazine/20160708104529395.png', '', 'Shanghai', 'News', '', 1467945934, NULL, 0, 'gaojibianji@163.com', '1', 0, '11111111', 0, '<p>1111111111111</p>\n'),
(111293, '11111111', 'magazine', '1111111111111', 'Public/yl.com/uploadpic/picture/magazine/20160708104601678.png', '', 'Shanghai', 'Education', '', 1467946038, NULL, 0, 'gaojibianji@163.com', '1', 0, '11111111', 0, '<p>111</p>\n'),
(111360, 'hhhhhhh', 'magazine', 'hhhhhhhhhhhhhhhhhhhhh', '', '/Public/yl.com/uploadpic/picture/Coverpic/20160720231526955.png', 'Shanghai', 'News', '', 1469027729, NULL, 0, 'gaojibianji@163.com', '1', 0, '', 0, '<p>11</p>\n'),
(111359, '', 'magazine', '', '/Public/ckfinder/userfiles/gaojibianji@163.com/files/Chrysanthemum.jpg', '/Public/yl.com/uploadpic/picture/Coverpic/20160720200847424.png', 'Shanghai', 'News', '', 1469018006, NULL, 0, 'gaojibianji@163.com', '1', 1, '', 0, '<p><img alt="" src="/Public/ckfinder/userfiles/gaojibianji@163.com/files/Chrysanthemum.jpg" style="height:768px; width:1024px" /></p>\n\n<p><iframe allowfullscreen="" frameborder="0" height="498" src="http://v.qq.com/iframe/player.html?vid=n0304dsq9l5&amp;tiny=0&amp;auto=0" width="640"></iframe></p>\n'),
(111358, '', 'magazine', '', '/Public/ckfinder/userfiles/gaojibianji@163.com/files/Chrysanthemum.jpg', '/Public/yl.com/uploadpic/picture/Coverpic/20160720200847424.png', 'Shanghai', 'News', '', 1469017980, NULL, 0, 'gaojibianji@163.com', '1', 0, '', 0, '<p><img alt="" src="/Public/ckfinder/userfiles/gaojibianji@163.com/files/Chrysanthemum.jpg" style="height:768px; width:1024px" /></p>\n\n<p><iframe allowfullscreen="" frameborder="0" height="498" src="http://v.qq.com/iframe/player.html?vid=n0304dsq9l5&amp;tiny=0&amp;auto=0" width="640"></iframe></p>\n'),
(111356, '1', 'magazine', 'yyyyyyyyyyyyyy', '', '/Public/yl.com/uploadpic/picture/Coverpic/20160720171529451.png', 'Shanghai', 'News', '', 1469015362, NULL, 0, 'gaojibianji@163.com', '1', 0, '', 0, '<p>uyyyyyyyyyyyyyyyy</p>\n'),
(111347, '123123', 'magazine', '', '', '/Public/yl.com/uploadpic/picture/Coverpic/20160720152049991.png', 'Shanghai', 'News', '', 1469002618, NULL, 0, 'gaojibianji@163.com', '1', 0, '', 0, ''),
(111348, '1231111', 'magazine', '', '', '/Public/yl.com/uploadpic/picture/Coverpic/20160720152049991.png', 'Shanghai', 'News', '', 1469005751, NULL, 0, 'gaojibianji@163.com', '1', 0, '', 0, '<p>111</p>\n'),
(111346, '123', 'magazine', '123', '', '/Public/yl.com/uploadpic/picture/Coverpic/20160720152049991.png', 'Shanghai', 'News', '', 1468999517, NULL, 0, 'gaojibianji@163.com', '1', 0, '', 0, ''),
(111345, 'yyyyyyyyyyyyyyyyyyyyyyyyyyy', 'magazine', 'yyyyyyyyyyyyyyyyyyyy', '/Public/ckfinder/userfiles/gaojibianji@163.com/files/img_01.png|/Public/ckfinder/userfiles/gaojibianji@163.com/files/Chrysanthemum.jpg', '/Public/yl.com/uploadpic/picture/Coverpic/20160720152049991.png', 'Shanghai', 'News', '', 1468999331, NULL, 0, 'gaojibianji@163.com', '1', 5, '', 0, '<p>1231231231231<img alt="" src="/Public/ckfinder/userfiles/gaojibianji@163.com/files/img_01.png" style="height:110px; width:180px" /></p>\n\n<p>123123123<img alt="" src="/Public/ckfinder/userfiles/gaojibianji@163.com/files/Chrysanthemum.jpg" style="height:768px; width:1024px" /></p>\n\n<p><iframe allowfullscreen="" frameborder="0" height="498" src="http://v.qq.com/iframe/player.html?vid=d0314uedb7c&amp;tiny=0&amp;auto=0" width="640"></iframe></p>\n'),
(111350, '1231111', 'magazine', '', '', '/Public/yl.com/uploadpic/picture/Coverpic/20160720152049991.png', 'Shanghai', 'News', '', 1469005854, NULL, 0, 'gaojibianji@163.com', '1', 0, '', 0, '<p>111</p>\n'),
(111303, 'iiiiiiiiiiiiiiiiiiiiiiiii', 'magazine', '123123', 'Public/yl.com/uploadpic/picture/magazine/20160708162407452.png', '', 'Shanghai', 'News', '', 1467966277, NULL, 0, 'gaojibianji@163.com', '1', 0, '12312312', 0, '<p><iframe allowfullscreen="" frameborder="0" height="498" src="http://v.qq.com/iframe/player.html?vid=w00200csn9w&amp;tiny=0&amp;auto=0" width="640"></iframe></p>\n'),
(111361, '123123', 'magazine', '123123', '', '/Public/yl.com/uploadpic/picture/Coverpic/20160720231631499.png', 'Shanghai', 'News', '', 1469027792, NULL, 0, 'gaojibianji@163.com', '1', 0, '1,2,3', 0, '<p>1231</p>\n'),
(111363, '123', 'magazine', '123', '', '/Public/yl.com/uploadpic/picture/Coverpic/20160721230022579.png', 'Shanghai', '', '', 1469113224, NULL, 0, 'gaojibianji@163.com', '1', 0, '', 0, '<p>123</p>\n'),
(111364, 'tt', 'magazine', 'tt', '', '/Public/yl.com/uploadpic/picture/Coverpic/20160721230436278.png', 'Shanghai', 'Arts', '', 1469113478, NULL, 0, 'gaojibianji@163.com', '1', 0, '', 0, '<p>tt</p>\n'),
(111316, 'tttt', 'magazine', 'tt', '', '', 'Shanghai', 'News', '', 1468736999, NULL, 0, 'gaojibianji@163.com', '1', 0, '', 0, '<p><img alt="" src="/Public/ckfinder/userfiles/gaojibianji@163.com/files/Penguins.jpg" style="height:768px; width:1024px" /><img alt="" src="/Public/ckfinder/userfiles/gaojibianji@163.com/files/Jellyfish.jpg" style="height:768px; width:1024px" /></p>\n'),
(111317, 'qqqqqqqqqqqqqqq', 'magazine', 'qqqqqqqqqqqqqqqqqqqqqq', '/Public/yl.com/uploadpic/picture/Coverpic/20160717152557502.jpg', '', 'Shanghai', 'News', '', 1468740372, NULL, 0, 'gaojibianji@163.com', '1', 0, '', 0, '<p>qqqqqqqqqqqq<img alt="" src="/Public/ckfinder/userfiles/gaojibianji@163.com/files/Jellyfish.jpg" style="height:768px; width:1024px" /></p>\n'),
(111318, 'my family', 'digital', 'my family', '/Public/yl.com/uploadpic/picture/Coverpic/20160717153150208.png', '', 'Shenzhen', 'News', '', 1468740775, NULL, 0, 'gaojibianji@163.com', '1', 0, '', 0, '<p><em><strong>my family</strong></em></p>\n\n<p><em><strong><img alt="" src="/Public/ckfinder/userfiles/gaojibianji@163.com/files/Jellyfish.jpg" style="height:768px; width:1024px" /><img alt="" src="/Public/ckfinder/userfiles/gaojibianji@163.com/files/Penguins.jpg" style="height:768px; width:1024px" /></strong></em></p>\n\n<p><iframe allowfullscreen="" frameborder="0" height="498" src="http://v.qq.com/iframe/player.html?vid=t0314jl5uhc&amp;tiny=0&amp;auto=0" width="640"></iframe></p>\n'),
(111319, '123123123123', 'magazine', '123123123123', '/Public/yl.com/uploadpic/picture/Coverpic/20160717153355144.png', '', 'Shanghai', 'News', '', 1468740888, NULL, 0, 'gaojibianji@163.com', '1', 2, '', 0, '<p><img alt="" src="/Public/ckfinder/userfiles/gaojibianji@163.com/files/Jellyfish.jpg" style="height:768px; width:1024px" /></p>\n\n<p>123123123</p>\n\n<p><img alt="" src="/Public/ckfinder/userfiles/gaojibianji@163.com/files/a.jpg" style="height:124px; width:125px" /> <img alt="" src="/Public/ckfinder/userfiles/gaojibianji@163.com/files/a.jpg" style="height:124px; width:125px" /></p>\n\n<p>&nbsp;&nbsp;&nbsp;&nbsp;&nbsp;&nbsp;&nbsp;&nbsp;&nbsp;&nbsp;&nbsp;&nbsp;&nbsp;&nbsp;&nbsp;&nbsp;&nbsp;&nbsp;&nbsp;&nbsp;&nbsp;&nbsp;&nbsp;&nbsp;&nbsp;&nbsp;&nbsp;&nbsp;&nbsp;&nbsp;&nbsp;&nbsp;&nbsp;&nbsp;&nbsp;&nbsp;&nbsp;&nbsp;&nbsp;&nbsp;&nbsp;&nbsp;&nbsp;&nbsp;&nbsp;&nbsp;&nbsp;&nbsp;&nbsp;&nbsp;&nbsp;&nbsp;&nbsp;&nbsp;&nbsp;&nbsp;&nbsp;&nbsp;&nbsp;&nbsp;&nbsp;&nbsp;&nbsp;&nbsp;&nbsp;&nbsp;&nbsp;&nbsp; tttttttttt</p>\n\n<p>&nbsp;</p>\n\n<p><iframe allowfullscreen="" frameborder="0" height="498" src="http://v.qq.com/iframe/player.html?vid=t0314jl5uhc&amp;tiny=0&amp;auto=0" width="640"></iframe></p>\n'),
(111320, 'ÂïäÂïäÂïäÂïäÂïäÂïä', 'magazine', 'ÂïäÂïäÂïäÂïäÂïäÂïä', '', '/Public/yl.com/uploadpic/picture/Coverpic/20160717154123449.png', 'Shanghai', 'News', '', 1468741320, NULL, 0, 'gaojibianji@163.com', '1', 0, '', 0, '<p><img alt="" src="/Public/ckfinder/userfiles/gaojibianji@163.com/files/Chrysanthemum.jpg" style="height:768px; width:1024px" /></p>\n\n<p>asdasdasd</p>\n\n<p><img alt="" src="/Public/ckfinder/userfiles/gaojibianji@163.com/files/Penguins.jpg" style="height:768px; width:1024px" /></p>\n\n<p>123123123</p>\n\n<p>&nbsp;</p>\n\n<p><iframe allowfullscreen="" frameborder="0" height="498" src="http://v.qq.com/iframe/player.html?vid=g031395eux6&amp;tiny=0&amp;auto=0" width="640"></iframe></p>\n'),
(111321, '', 'magazine', '', '', '/Public/yl.com/uploadpic/picture/Coverpic/20160717154123449.png', 'Shanghai', 'News', '', 1468742232, NULL, 0, 'gaojibianji@163.com', '1', 0, '', 0, '<p>123123<img alt="" src="/Public/ckfinder/userfiles/gaojibianji@163.com/files/Chrysanthemum.jpg" style="height:768px; width:1024px" /><img alt="" src="/Public/ckfinder/userfiles/gaojibianji@163.com/files/Jellyfish.jpg" style="height:768px; width:1024px" /></p>\n'),
(111323, 'uuuuuuuuuuuuuu', 'magazine', 'ÈóÆÈóÆÂêæÈóÆÊó†‰∏∫Ë∞ìÂêæÈóÆÊó†‰∏∫Ë∞ìÊàëÊàëÊàëÊàë', '/Public/ckfinder/userfiles/gaojibianji@163.com/files/Chrysanthemum.jpg|/Public/ckfinder/userfiles/gaojibianji@163.com/files/Jellyfish.jpg|/Public/ckfinder/userfiles/gaojibianji@163.com/files/a.jpg', '/Public/yl.com/uploadpic/picture/Coverpic/20160717155904676.png', 'Shanghai', 'News', '', 1468742444, NULL, 0, 'gaojibianji@163.com', '1', 5, '', 0, '<p>123123<img alt="" src="/Public/ckfinder/userfiles/gaojibianji@163.com/files/Chrysanthemum.jpg" style="height:768px; width:1024px" /><img alt="" src="/Public/ckfinder/userfiles/gaojibianji@163.com/files/Jellyfish.jpg" style="height:768px; width:1024px" /><img alt="" src="/Public/ckfinder/userfiles/gaojibianji@163.com/files/a.jpg" style="height:124px; width:125px" /></p>\n\n<p>11111111111111111111</p>\n'),
(111324, 'uuuiiiiiiiiiiiiiiiiiii', 'magazine', 'iiiiiiiiiiiiiiiiiiii', '/Public/ckfinder/userfiles/gaojibianji@163.com/files/a.jpg|/Public/ckfinder/userfiles/gaojibianji@163.com/files/a.jpg|/Public/ckfinder/userfiles/gaojibianji@163.com/files/a.jpg|/Public/ckfinder/userfiles/gaojibianji@163.com/files/a.jpg|/Public/ckfinder/us', '/Public/yl.com/uploadpic/picture/Coverpic/20160717160351190.png', 'Shanghai', 'News', '', 1468742669, NULL, 0, 'gaojibianji@163.com', '1', 3, '', 0, '<p><img alt="" src="/Public/ckfinder/userfiles/gaojibianji@163.com/files/a.jpg" style="height:124px; width:125px" /><img alt="" src="/Public/ckfinder/userfiles/gaojibianji@163.com/files/a.jpg" style="height:124px; width:125px" /><img alt="" src="/Public/ckfinder/userfiles/gaojibianji@163.com/files/a.jpg" style="height:124px; width:125px" /><img alt="" src="/Public/ckfinder/userfiles/gaojibianji@163.com/files/a.jpg" style="height:124px; width:125px" /><img alt="" src="/Public/ckfinder/userfiles/gaojibianji@163.com/files/a.jpg" style="height:124px; width:125px" /></p>\n'),
(111325, '1111111111111111111111', 'magazine', '111111111111111111111', '/Public/ckfinder/userfiles/gaojibianji@163.com/files/Chrysanthemum.jpg', '/Public/yl.com/uploadpic/picture/Coverpic/20160717160612169.png', 'Shanghai', 'News', '', 1468742785, NULL, 0, 'gaojibianji@163.com', '1', 3, '', 0, '<p><img alt="" src="/Public/ckfinder/userfiles/gaojibianji@163.com/files/Chrysanthemum.jpg" style="height:768px; width:1024px" /></p>\n'),
(111326, '1', 'magazine', '1', '/Public/ckfinder/userfiles/gaojibianji@163.com/files/img_01.png', '/Public/yl.com/uploadpic/picture/Coverpic/20160717160612169.png', 'Shanghai', 'News', '', 1468742829, NULL, 0, 'gaojibianji@163.com', '1', 4, '', 0, '<p><img alt="" src="/Public/ckfinder/userfiles/gaojibianji@163.com/files/img_01.png" style="height:110px; width:180px" /></p>\n'),
(111329, '123', 'magazine', '123', '/Public/ckfinder/userfiles/gaojibianji@163.com/files/Chrysanthemum.jpg', '/Public/yl.com/uploadpic/picture/Coverpic/20160717164654287.png', 'Shanghai', 'News', '', 1468745263, NULL, 0, 'gaojibianji@163.com', '1', 0, '', 0, '<p>11<img alt="" src="/Public/ckfinder/userfiles/gaojibianji@163.com/files/Chrysanthemum.jpg" style="height:768px; width:1024px" /></p>\n'),
(111331, 'ÂëÉÂëÉÂëÉ', 'magazine', 'ÂëÉÂëÉÂëÉ', '/Public/ckfinder/userfiles/gaojibianji@163.com/files/a.jpg|/Public/ckfinder/userfiles/gaojibianji@163.com/files/Jellyfish.jpg', '/Public/yl.com/uploadpic/picture/Coverpic/20160717170450912.png', 'Shanghai', 'News', '', 1468746305, NULL, 0, 'gaojibianji@163.com', '1', 15, '', 0, '<p><img alt="" src="/Public/ckfinder/userfiles/gaojibianji@163.com/files/a.jpg" style="height:124px; width:125px" /></p>\n\n<p><img alt="" src="/Public/ckfinder/userfiles/gaojibianji@163.com/files/Jellyfish.jpg" style="height:768px; width:1024px" /></p>\n'),
(111333, 'eeeeeeeeeeeeeee', 'magazine', 'eeeeeeeeeeeee', '/Public/ckfinder/userfiles/gaojibianji@163.com/files/img_01.png|/Public/ckfinder/userfiles/gaojibianji@163.com/files/Penguins.jpg', '/Public/yl.com/uploadpic/picture/Coverpic/20160717190712901.png', 'Shanghai', 'News', '', 1468753663, NULL, 0, 'gaojibianji@163.com', '1', 1, '', 0, '<p>123123123123<img alt="" src="/Public/ckfinder/userfiles/gaojibianji@163.com/files/img_01.png" style="height:110px; width:180px" /></p>\n\n<p>sssssssssssssssssssssssssssssss</p>\n\n<p><img alt="" src="/Public/ckfinder/userfiles/gaojibianji@163.com/files/Penguins.jpg" style="height:768px; width:1024px" /></p>\n\n<p>&nbsp;</p>\n\n<p><iframe allowfullscreen="" frameborder="0" height="498" src="http://v.qq.com/iframe/player.html?vid=n0314hhu3gh&amp;tiny=0&amp;auto=0" width="640"></iframe></p>\n'),
(111334, 'eeeeeeeeeeeeeee', 'magazine', 'eeeeeeeeeeeee', '/Public/ckfinder/userfiles/gaojibianji@163.com/files/img_01.png|/Public/ckfinder/userfiles/gaojibianji@163.com/files/Penguins.jpg', '/Public/yl.com/uploadpic/picture/Coverpic/20160717190712901.png', 'Shanghai', 'News', '', 1468753706, NULL, 0, 'gaojibianji@163.com', '1', 5, '', 0, '<p>123123123123<img alt="" src="/Public/ckfinder/userfiles/gaojibianji@163.com/files/img_01.png" style="height:110px; width:180px" /></p>\n\n<p>sssssssssssssssssssssssssssssss</p>\n\n<p><img alt="" src="/Public/ckfinder/userfiles/gaojibianji@163.com/files/Penguins.jpg" style="height:768px; width:1024px" /></p>\n\n<p>&nbsp;</p>\n\n<p><iframe allowfullscreen="" frameborder="0" height="498" src="http://v.qq.com/iframe/player.html?vid=n0314hhu3gh&amp;tiny=0&amp;auto=0" width="640"></iframe></p>\n'),
(111335, '123123123', 'magazine', '123123123', '', '/Public/yl.com/uploadpic/picture/Coverpic/20160718221229287.png', 'Shanghai', 'News', '', 1468851152, NULL, 0, 'gaojibianji@163.com', '1', 0, '', 0, '<p>123123123</p>\n'),
(111336, '123123123', 'magazine', '123123123', '', '/Public/yl.com/uploadpic/picture/Coverpic/20160718221229287.png', 'Shanghai', 'News', '', 1468851308, NULL, 0, 'gaojibianji@163.com', '1', 0, '', 0, '<p>uuuuuuuuuuuuuuuuu„ÄÅ</p>\n'),
(111337, '123', 'magazine', '123', '', '/Public/yl.com/uploadpic/picture/Coverpic/20160718221229287.png', 'Shanghai', 'Lifestyle', 'Beauty', 1468853818, NULL, 0, 'gaojibianji@163.com', '1', 0, '', 0, '<p>123</p>\n'),
(111343, '11111111111111111', 'magazine', '11111111111111111111111', '/Public/ckfinder/userfiles/gaojibianji@163.com/files/a.jpg', '/Public/yl.com/uploadpic/picture/Coverpic/20160719023725880.jpg', 'Shanghai', 'Lifestyle', 'Interviews', 1468867055, NULL, 0, 'gaojibianji@163.com', '1', 1, '', 0, '<p><img alt="" src="/Public/ckfinder/userfiles/gaojibianji@163.com/files/a.jpg" style="height:124px; width:125px" />111111</p>\n'),
(111365, 'uuu', 'magazine', 'uu', '', '/Public/yl.com/uploadpic/picture/Coverpic/20160721231058402.png', 'Shanghai', 'Arts&Entertainment', 'Null', 1469113864, NULL, 0, 'gaojibianji@163.com', '1', 0, '', 0, '<p>uu</p>\n'),
(111366, '123123', 'magazine', '123123', '', '/Public/yl.com/uploadpic/picture/Coverpic/20160721231528601.png', 'Shanghai', 'Arts&Entertainment', 'Null', 1469114130, NULL, 0, 'gaojibianji@163.com', '1', 0, '', 0, '<p>222</p>\n'),
(111367, 'uuuuuuuuuuuuuuuuuuu', 'magazine', '', '', '/Public/yl.com/uploadpic/picture/Coverpic/20160722012533749.png', 'Shanghai', 'Arts&Entertainment', 'Null', 1469121934, NULL, 0, 'gaojibianji@163.com', '1', 0, 'uuuuuuuuuuu', 0, '<p>uuuuuuuuuuuuuu</p>\n'),
(111368, 'rrrrrrrrrrrrrrrr', 'magazine', '123', '', '/Public/yl.com/uploadpic/picture/Coverpic/20160722015709487.png', 'Shanghai', 'Arts&Entertainment', 'Null', 1469123833, NULL, 0, 'gaojibianji@163.com', '1', 0, 'q,w,e', 0, '<p>ii</p>\n'),
(111369, 'tttttttttt', 'magazine', 'ttttttt', '', '/Public/yl.com/uploadpic/picture/Coverpic/20160722190959370.png', 'Shanghai', 'Arts&Entertainment', 'Null', 1469185805, NULL, 0, 'gaojibianji@163.com', '1', 0, '', 0, '<p>777777777</p>\n'),
(111370, 'l', 'magazine', 'ttttttt', '', '/Public/yl.com/uploadpic/picture/Coverpic/20160725225948652.png', 'Shanghai', 'Arts&Entertainment', 'Null', 1469186416, '1469460332', 0, 'gaojibianji@163.com', '1', 0, 'll', 0, '<p>777777777</p>\n'),
(111372, 'ÂëÉÂëÉÂëÉÂëÉÂëÉÂëÉÂëÉÂëÉÂëÉÂëÉÂëÉ', 'magazine', 'È¢ùÈ¢ùÈ¢ùÈ¢ùÈ¢ùÈ¢ùÈ¢ùÈ¢ùÈ¢ùÈ¢ù', '', '/Public/yl.com/uploadpic/picture/Coverpic/20160722192238379.png', 'Shanghai', 'Arts&Entertainment', 'Null', 1469186561, NULL, 0, 'gaojibianji@163.com', '1', 0, '', 0, '<p>È¢ùÈ¢ùÈ¢ùÈ¢ùÈ¢ùÈ¢ùÈ¢ùÈ¢ùÈ¢ùÈ¢ù</p>\n'),
(111373, 'Â§™Â§™Â§™Â§™Â§™Â§™Â§™Â§™', 'magazine', '‰ªªÊ∫∂Ê∫∂', '', '/Public/yl.com/uploadpic/picture/Coverpic/20160722192719182.png', 'Shanghai', 'Arts&Entertainment', 'Art', 1469186870, NULL, 0, 'gaojibianji@163.com', '1', 0, '‰ΩìË¥¥‰ΩìË¥¥Â•π', 0, '<p>oooo</p>\n'),
(111374, '‰∏áÁª¥ÁΩë', 'magazine', '‰∫∫Êâò‰∫∫', '', '/Public/yl.com/uploadpic/picture/Coverpic/20160722195108396.png', 'Shanghai', 'Arts&Entertainment', 'Books', 1469188273, NULL, 0, 'gaojibianji@163.com', '1', 0, '‰∏áÁª¥ÁΩë„ÄÅ', 0, '<p>888</p>\n'),
(111375, 'ÂëÄÂëÄÂëÄÂëÄÂëÄÂëÄÂëÄÂëÄÂëÄ', 'magazine', '‰ΩìË¥¥‰ΩìË¥¥Â•π', '', '/Public/yl.com/uploadpic/picture/Coverpic/20160722195558172.png', 'Shanghai', 'Arts&Entertainment', 'Film & Television', 1469188568, NULL, 0, 'gaojibianji@163.com', '1', 0, 'ÂëÄÂëÄÂëÄÂëÄÂëÄÂëÄÂëÄÂëÄ', 0, '<p>0000</p>\n'),
(111376, 'ÊöñÊöñÊöñÊöñÊöñ', 'magazine', 'ÊöñÊöñÊöñÊöñÊöñÊöñÊöñÊöñÊöñÊöñ', '', '/Public/yl.com/uploadpic/picture/Coverpic/20160722195735966.png', 'Shanghai', 'Arts&Entertainment', 'Interviews', 1469188665, NULL, 0, 'gaojibianji@163.com', '1', 0, '', 0, '<p>00000</p>\n');
INSERT INTO `article` (`pid`, `title`, `type`, `abstract`, `picview`, `picture_preview`, `region`, `category`, `category2`, `posttime`, `updatetime`, `deletetime`, `uploader`, `difficulty`, `download`, `tag`, `is_delete`, `video`) VALUES
(111378, '9999999999', 'magazine', '9999999999999', '', '/Public/yl.com/uploadpic/picture/Coverpic/20160722200322815.png', 'Shanghai', 'Science&Technology', 'Environment', 1469189038, NULL, 0, 'gaojibianji@163.com', '1', 0, '999999999999', 0, '<p>111111111</p>\n'),
(111379, '123', 'magazine', '123', '', '/Public/yl.com/uploadpic/picture/Coverpic/20160722222001999.png', 'Shanghai', 'Arts&Entertainment', 'Art', 1469197204, NULL, 0, 'gaojibianji@163.com', '1', 0, '', 0, '<p>123</p>\n'),
(111380, '44444444444', 'magazine', '44444444', '', '/Public/yl.com/uploadpic/picture/Coverpic/20160722222326244.png', 'Shanghai', 'Arts&Entertainment', 'Art', 1469197410, NULL, 0, 'gaojibianji@163.com', '1', 0, '444444444', 0, '<p>44444</p>\n'),
(111381, 'ttttttttttttt', 'magazine', 'tttttttttt', '', '/Public/yl.com/uploadpic/picture/Coverpic/20160723003327469.png', 'Shanghai', 'Arts&Entertainment', 'Art', 1469205218, NULL, 0, 'bianji@163.com', '1', 0, '', 0, '<p>11</p>\n'),
(111383, '55555555', 'magazine', 'yu', '', '/Public/yl.com/uploadpic/picture/Coverpic/20160723233742993.png', 'Shanghai', 'Arts&Entertainment', 'Art', 1469288306, NULL, 0, 'gaojibianji@163.com', '1', 0, '55', 0, '<p>yy</p>\n'),
(111386, 'hhhhhhhh', 'magazine', '123123123', '', '/Public/yl.com/uploadpic/picture/Coverpic/20160724183048304.png', 'Shanghai', 'Arts&Entertainment', 'Null', 1469356258, NULL, 0, 'bianji@163.com', '1', 0, 'h,hh,Amsterdam', 0, '<p>ggggggg</p>\n'),
(111387, 'ceshi', 'digital', 'ceshi', '/Public/ckfinder/userfiles/bianji@163.com/files/img_01.png', '/Public/yl.com/uploadpic/picture/Coverpic/20160725054438718.png', 'Shenzhen', 'Lifestyle', 'Interviews', 1469396834, NULL, 0, 'bianji@163.com', '1', 0, '1,2,3,4', 0, '<p>1111</p>\n\n<p><img alt="" src="/Public/ckfinder/userfiles/bianji@163.com/files/img_01.png" style="height:110px; width:180px" /></p>\n\n<p>&nbsp;</p>\n\n<p><iframe allowfullscreen="" frameborder="0" height="498" src="http://v.qq.com/iframe/player.html?vid=y0315m5nmc9&amp;tiny=0&amp;auto=0" width="640"></iframe></p>\n'),
(111388, 'ceshi111111', 'digital', 'ceshi', '/Public/ckfinder/userfiles/bianji@163.com/files/img_01.png', '/Public/yl.com/uploadpic/picture/Coverpic/20160725054438718.png', 'Shenzhen', 'Lifestyle', 'Interviews', 1469398095, NULL, 0, 'bianji@163.com', '1', 0, '1,2,3,4', 0, '<p>1111</p>\n\n<p><img alt="" src="/Public/ckfinder/userfiles/bianji@163.com/files/img_01.png" style="height:110px; width:180px" /></p>\n\n<p>&nbsp;</p>\n\n<p><iframe allowfullscreen="" frameborder="0" height="498" src="http://v.qq.com/iframe/player.html?vid=y0315m5nmc9&amp;tiny=0&amp;auto=0" width="640"></iframe></p>\n'),
(111389, 'cesh22222', 'digital', 'ceshi', '/Public/ckfinder/userfiles/bianji@163.com/files/img_01.png', '/Public/yl.com/uploadpic/picture/Coverpic/20160725054438718.png', 'Shenzhen', 'Lifestyle', 'Interviews', 1469398597, NULL, 0, 'bianji@163.com', '1', 0, '1,2,3,4', 0, '<p>1111</p>\n\n<p><img alt="" src="/Public/ckfinder/userfiles/bianji@163.com/files/img_01.png" style="height:110px; width:180px" /></p>\n\n<p>&nbsp;</p>\n\n<p><iframe allowfullscreen="" frameborder="0" height="498" src="http://v.qq.com/iframe/player.html?vid=y0315m5nmc9&amp;tiny=0&amp;auto=0" width="640"></iframe></p>\n'),
(111390, 'cesh2233333333', 'digital', 'ceshi', '/Public/ckfinder/userfiles/bianji@163.com/files/img_01.png', '/Public/yl.com/uploadpic/picture/Coverpic/20160725054438718.png', 'Shenzhen', 'Lifestyle', 'Interviews', 1469399583, NULL, 0, 'bianji@163.com', '1', 0, '1,2,3,4', 0, '<p>1111</p>\n\n<p><img alt="" src="/Public/ckfinder/userfiles/bianji@163.com/files/img_01.png" style="height:110px; width:180px" /></p>\n\n<p>&nbsp;</p>\n\n<p><iframe allowfullscreen="" frameborder="0" height="498" src="http://v.qq.com/iframe/player.html?vid=y0315m5nmc9&amp;tiny=0&amp;auto=0" width="640"></iframe></p>\n'),
(111391, 'cesh44', 'digital', 'ceshi', '/Public/ckfinder/userfiles/bianji@163.com/files/img_01.png', '/Public/yl.com/uploadpic/picture/Coverpic/20160725054438718.png', 'Shenzhen', 'Lifestyle', 'Interviews', 1469399764, NULL, 0, 'bianji@163.com', '1', 1, '1,2,3,4', 0, '<p>1111</p>\n\n<p><img alt="" src="/Public/ckfinder/userfiles/bianji@163.com/files/img_01.png" style="height:110px; width:180px" /></p>\n\n<p>&nbsp;</p>\n\n<p><iframe allowfullscreen="" frameborder="0" height="498" src="http://v.qq.com/iframe/player.html?vid=y0315m5nmc9&amp;tiny=0&amp;auto=0" width="640"></iframe></p>\n'),
(111392, '123', 'magazine', '111', '', '/Public/yl.com/uploadpic/picture/Coverpic/20160725100542406.png', 'Shanghai', 'Arts&Entertainment', 'Null', 1469412358, NULL, 0, 'bianji@163.com', '1', 0, '111', 0, ''),
(111393, '123123123', 'magazine', '123123', '', '/Public/yl.com/uploadpic/picture/Coverpic/20160725100730754.png', 'Shanghai', 'Arts&Entertainment', 'Null', 1469412453, NULL, 0, 'bianji@163.com', '1', 0, '123123', 0, '<p>ttttttttttt</p>\n'),
(111394, 'yyyyyyyyy', 'magazine', '123123', '', '/Public/yl.com/uploadpic/picture/Coverpic/20160725100730754.png', 'Shanghai', 'Arts&Entertainment', 'Null', 1469412625, NULL, 0, 'bianji@163.com', '1', 0, '123123', 0, '<p>ttttttttttt</p>\n'),
(111395, 'aaaaaaaaaaa', 'magazine', '123123', '', '/Public/yl.com/uploadpic/picture/Coverpic/20160725100730754.png', 'Shanghai', 'Arts&Entertainment', 'Null', 1469412670, NULL, 0, 'bianji@163.com', '1', 0, '123123', 0, '<p>ttttttttttt</p>\n'),
(111396, 'bbb', 'magazine', '123123', '', '/Public/yl.com/uploadpic/picture/Coverpic/20160725100730754.png', 'Shanghai', 'Arts&Entertainment', 'Null', 1469412687, NULL, 0, 'bianji@163.com', '1', 0, '123123', 0, '<p>ttttttttttt</p>\n'),
(111397, 'bbbcccccc', 'magazine', '123123', '', '/Public/yl.com/uploadpic/picture/Coverpic/20160725100730754.png', 'Shanghai', 'Arts&Entertainment', 'Null', 1469412765, NULL, 0, 'bianji@163.com', '1', 0, '123123', 0, '<p>ttttttttttt</p>\n'),
(111398, 'bbbcccccc', 'magazine', '123123', '', '/Public/yl.com/uploadpic/picture/Coverpic/20160725100730754.png', 'Shanghai', 'Arts&Entertainment', 'Null', 1469412791, NULL, 0, 'bianji@163.com', '1', 0, '123123,123123123123123123', 0, '<p>ttttttttttt</p>\n'),
(111399, 'yyyyyyyyyyyyyyyyyyyyy', 'magazine', '123123', '', '/Public/yl.com/uploadpic/picture/Coverpic/20160725100730754.png', 'Shanghai', 'Arts&Entertainment', 'Null', 1469412880, NULL, 0, 'bianji@163.com', '1', 0, '123123,123123123123123123', 0, '<p>ttttttttttt</p>\n'),
(111400, 'ttttttttt', 'magazine', '123123', '', '/Public/yl.com/uploadpic/picture/Coverpic/20160725100730754.png', 'Shanghai', 'Arts&Entertainment', 'Null', 1469413024, NULL, 0, 'bianji@163.com', '1', 0, '123123,123123123123123123', 0, '<p>ttttttttttt</p>\n'),
(111401, 'tttttttttasdasdasd', 'magazine', '123123', '', '/Public/yl.com/uploadpic/picture/Coverpic/20160725100730754.png', 'Shanghai', 'Arts&Entertainment', 'Null', 1469413230, NULL, 0, 'bianji@163.com', '1', 0, '123123,123123123123123123', 0, '<p>ttttttttttt</p>\n'),
(111402, 'pppppppppppppppp', 'magazine', '123123', '', '/Public/yl.com/uploadpic/picture/Coverpic/20160725100730754.png', 'Shanghai', 'Arts&Entertainment', 'Null', 1469413255, NULL, 0, 'bianji@163.com', '1', 0, '123123,123123123123123123', 0, '<p>ttttttttttt</p>\n'),
(111403, 'ppppppppp55', 'magazine', '123123', '', '/Public/yl.com/uploadpic/picture/Coverpic/20160725100730754.png', 'Shanghai', 'Arts&Entertainment', 'Null', 1469413266, NULL, 0, 'bianji@163.com', '1', 0, '123123,123123123123123123', 0, '<p>ttttttttttt</p>\n'),
(111404, 'vv', 'magazine', '123123', '', '/Public/yl.com/uploadpic/picture/Coverpic/20160725100730754.png', 'Shanghai', 'Arts&Entertainment', 'Null', 1469413431, NULL, 0, 'bianji@163.com', '1', 0, '123123,123123123123123123', 0, '<p>ttttttttttt</p>\n'),
(111405, 'vvvvvvvvv', 'magazine', '123123', '', '/Public/yl.com/uploadpic/picture/Coverpic/20160725100730754.png', 'Shanghai', 'Arts&Entertainment', 'Null', 1469413456, NULL, 0, 'bianji@163.com', '1', 0, '123123,123123123123123123', 0, '<p>ttttttttttt</p>\n'),
(111406, 'rrrrrrrrrrrrrrrr', 'magazine', '123123', '', '/Public/yl.com/uploadpic/picture/Coverpic/20160725100730754.png', 'Shanghai', 'Arts&Entertainment', 'Null', 1469413707, NULL, 0, 'bianji@163.com', '1', 1, '123123,123123123123123123', 0, '<p>ttttttttttt</p>\n'),
(111407, '1', 'magazine', '123123', '', '/Public/yl.com/uploadpic/picture/Coverpic/20160725100730754.png', 'Shanghai', 'Arts&Entertainment', 'Null', 1469413723, NULL, 0, 'bianji@163.com', '1', 0, '123123,123123123123123123', 0, '<p>ttttttttttt</p>\n'),
(111408, 'aaa', 'magazine', '123123', '', '/Public/yl.com/uploadpic/picture/Coverpic/20160725100542406.png', 'Shanghai', 'Arts&Entertainment', 'Null', 1469413744, NULL, 0, 'bianji@163.com', '1', 0, '123123,123123123123123123', 0, '<p>ttttttttttt</p>\n'),
(111409, 'ddd', 'magazine', '123123', '', '/Public/yl.com/uploadpic/picture/Coverpic/20160725100730754.png', 'Shanghai', 'Arts&Entertainment', 'Null', 1469413876, NULL, 0, 'bianji@163.com', '1', 0, '123123,123123123123123123', 0, '<p>ttttttttttt</p>\n'),
(111410, 'qqq', 'magazine', '123123', '', '/Public/yl.com/uploadpic/picture/Coverpic/20160725100730754.png', 'Shanghai', 'Arts&Entertainment', 'Null', 1469413983, NULL, 0, 'bianji@163.com', '1', 0, '123123,123123123123123123', 0, '<p>ttttttttttt</p>\n'),
(111411, '11111111', 'magazine', '123123', '', '/Public/yl.com/uploadpic/picture/Coverpic/20160725100730754.png', 'Shanghai', 'Arts&Entertainment', 'Null', 1469414153, NULL, 0, 'bianji@163.com', '1', 0, '123123,123123123123123123', 0, '<p>ttttttttttt</p>\n'),
(111412, 'bbbbbbbbbbbbb', 'magazine', '123123', '', '/Public/yl.com/uploadpic/picture/Coverpic/20160725100730754.png', 'Shanghai', 'Arts&Entertainment', 'Null', 1469414375, NULL, 0, 'bianji@163.com', '1', 0, '123123', 0, '<p>ttttttttttt</p>\n'),
(111413, 'vvvvvvvvvvv', 'magazine', '123123', '', '/Public/yl.com/uploadpic/picture/Coverpic/20160725100730754.png', 'Shanghai', 'Arts&Entertainment', 'Null', 1469414438, NULL, 0, 'bianji@163.com', '1', 0, '123123', 0, '<p>ttttttttttt</p>\n'),
(111414, 'r', 'magazine', '123123', '', '/Public/yl.com/uploadpic/picture/Coverpic/20160725100730754.png', 'Shanghai', 'Arts&Entertainment', 'Null', 1469414454, NULL, 0, 'bianji@163.com', '1', 0, '123123', 0, '<p>ttttttttttt</p>\n'),
(111489, '123123', 'magazine', '123123', '', '/Public/yl.com/uploadpic/picture/Coverpic/20160730184652481.jpg', 'Shanghai', 'Arts&Entertainment', 'Null', 1469875614, NULL, 1470129229, 'gaojibianji@163.com', '1', 0, '1,2,3', 1, '<p>123</p>\n'),
(111496, '123123', 'magazine', '23123', '/Public/ckfinder/userfiles/gaojibianji@163.com/files/article_view.png', '/Public/yl.com/uploadpic/picture/Coverpic/20160801150818891.png', 'Shanghai', 'Arts&Entertainment', 'Null', 1470035309, NULL, 1470042525, 'gaojibianji@163.com', '1', 0, '12,3,4,5', 1, '<p><img alt="" src="/Public/ckfinder/userfiles/gaojibianji@163.com/files/article_view.png" style="height:231px; width:356px" />123123</p>\n'),
(111491, '', 'magazine', '', '', '/Public/yl.com/uploadpic/picture/Coverpic/20160730184708844.jpg', 'Shanghai', 'Arts&Entertainment', 'Null', 1469875629, NULL, 1470129241, 'gaojibianji@163.com', '1', 0, '', 1, ''),
(111492, '123', 'magazine', '123', '', '/Public/yl.com/uploadpic/picture/Coverpic/20160731144909298.jpg', 'Shanghai', 'Arts&Entertainment', 'Null', 1469947759, '1469948788', 1470128806, 'gaojibianji@163.com', '1', 4, '123,11', 1, '<p><img alt="" src="/Public/ckfinder/userfiles/gaojibianji@163.com/files/img_01.png" style="height:110px; width:180px" /><img alt="" src="/Public/ckfinder/userfiles/gaojibianji@163.com/files/Chrysanthemum.jpg" style="height:768px; width:1024px" /></p>\n\n<p><iframe allowfullscreen="" frameborder="0" height="498" src="http://v.qq.com/iframe/player.html?vid=d0021avua9u&amp;tiny=0&amp;auto=0" width="640"></iframe></p>\n'),
(111499, '123123', 'magazine', '', '', '/Public/yl.com/uploadpic/picture/Coverpic/20160802173954374.png', 'Shanghai', 'Arts&Entertainment', 'Null', 1470130796, NULL, 0, 'gaojibianji@163.com', '1', 0, '1,2,34', 0, '<p>1</p>\n'),
(111500, '123', 'magazine', '', '', '/Public/yl.com/uploadpic/picture/Coverpic/20160802175353675.png', 'Shanghai', 'Arts&Entertainment', 'Null', 1470131639, NULL, 0, 'gaojibianji@163.com', '1', 0, '', 0, ''),
(111501, '123123', 'magazine', '', '', '', 'Shanghai', 'Arts&Entertainment', 'Null', 1470188983, NULL, 0, 'gaojibianji@163.com', '1', 0, '', 0, ''),
(111502, 'ytyyyy', 'magazine', '', '', '', 'Shanghai', 'Lifestyle', 'Interviews', 1470189612, NULL, 0, 'gaojibianji@163.com', '1', 0, '', 0, ''),
(111503, '131231231', 'magazine', '', '', '', 'Shanghai', 'Science&Technology', 'Environment', 1470189636, NULL, 0, 'gaojibianji@163.com', '1', 0, '', 0, ''),
(111504, '123123', 'magazine', '123123', '/Public/ckfinder/userfiles/gaojibianji@163.com/files/1.jpg', '/Public/yl.com/uploadpic/picture/Coverpic/20160803113726168.png', 'Shanghai', 'Arts&Entertainment', 'Null', 1470195467, NULL, 0, 'gaojibianji@163.com', '1', 1, '1,23', 0, '<p><img alt="" src="/Public/ckfinder/userfiles/gaojibianji@163.com/files/1.jpg" style="height:768px; width:1024px" /></p>\n'),
(111488, '123', 'magazine', '123', '/Public/ckfinder/userfiles/gaojibianji@163.com/files/a.jpg', '/Public/yl.com/uploadpic/picture/Coverpic/20160730181749548.jpg', 'Shanghai', 'Arts&Entertainment', 'Null', 1469873895, NULL, 1469878757, 'gaojibianji@163.com', '1', 0, '1', 1, '<p><img alt="" src="/Public/ckfinder/userfiles/gaojibianji@163.com/files/a.jpg" style="height:124px; width:125px" /></p>\n');

-- --------------------------------------------------------

--
-- Ë°®ÁöÑÁªìÊûÑ `categoryall`
--

CREATE TABLE IF NOT EXISTS `categoryall` (
  `id` int(11) NOT NULL AUTO_INCREMENT,
  `category_one` mediumtext NOT NULL,
  `category_two` longtext NOT NULL,
  PRIMARY KEY (`id`)
) ENGINE=InnoDB  DEFAULT CHARSET=latin1 AUTO_INCREMENT=2 ;

--
-- ËΩ¨Â≠òË°®‰∏≠ÁöÑÊï∞ÊçÆ `categoryall`
--

INSERT INTO `categoryall` (`id`, `category_one`, `category_two`) VALUES
(1, 'Arts&Entertainment|Charity|Commentary|Community|Features|Food&Drink|Health|Lifestyle|News|Science&Technology|Sports', 'Null|Art|Books|Film&Television|Music|Stage|Interviews|PhotoEssays|History|Human Interest|Infrastructure|Language|Animals&Pets|RestaurantReviews|Bar Reviews|Guides|Features|Fashion&Shopping|Beauty|Hotels|Environment|Technology');

-- --------------------------------------------------------

--
-- Ë°®ÁöÑÁªìÊûÑ `download`
--

CREATE TABLE IF NOT EXISTS `download` (
  `pid` int(255) NOT NULL AUTO_INCREMENT,
  `user` varchar(255) NOT NULL,
  `articleid` int(11) NOT NULL,
  `downloadtime` int(11) NOT NULL,
  PRIMARY KEY (`pid`)
) ENGINE=MyISAM  DEFAULT CHARSET=gbk AUTO_INCREMENT=935 ;

--
-- ËΩ¨Â≠òË°®‰∏≠ÁöÑÊï∞ÊçÆ `download`
--

INSERT INTO `download` (`pid`, `user`, `articleid`, `downloadtime`) VALUES
(1, 'guanliyuan@163.com', 111183, 1463435426),
(2, 'guanliyuan@163.com', 111183, 1463435426),
(3, 'guanliyuan@163.com', 111183, 1463435426),
(4, 'guanliyuan@163.com', 111183, 1463435426),
(5, 'guanliyuan@163.com', 111183, 1463435426),
(26, '463745854@qq.com', 1, 1463435426),
(25, '463745854@qq.com', 1, 1463435426),
(24, '463745854@qq.com', 2, 1463435426),
(23, '463745854@qq.com', 2, 1463435426),
(22, 'guanliyuan@163.com', 111183, 1463435426),
(21, '463745854@qq.com', 50, 1463435426),
(20, '463745854@qq.com', 1, 1463435426),
(19, 'guanliyuan@163.com', 111183, 1463435426),
(27, '463745854@qq.com', 111183, 1463435426),
(28, '463745854@qq.com', 111180, 1463435426),
(29, '463745854@qq.com', 111180, 1463435426),
(30, '463745854@qq.com', 111180, 1463435426),
(31, '463745854@qq.com', 111180, 1463435426),
(32, '463745854@qq.com', 111180, 1463435426),
(33, '463745854@qq.com', 1, 1463435426),
(61, 'guanliyuan@163.com', 111183, 1463435426),
(60, 'guanliyuan@163.com', 111183, 1463435426),
(59, 'guanliyuan@163.com', 111183, 1463435426),
(58, 'guanliyuan@163.com', 111183, 1463435426),
(57, 'guanliyuan@163.com', 111183, 1463435426),
(56, 'guanliyuan@163.com', 111183, 1463435426),
(55, 'guanliyuan@163.com', 111183, 1463435426),
(54, 'guanliyuan@163.com', 111183, 1463435426),
(53, 'guanliyuan@163.com', 111183, 1463435426),
(52, 'guanliyuan@163.com', 111183, 1463435426),
(44, 'guanliyuan@163.com', 111183, 1463435426),
(45, '463745854@qq.com', 1, 1463435426),
(46, 'guanliyuan@163.com', 111183, 1463435426),
(47, 'guanliyuan@163.com', 111183, 1463435426),
(48, 'guanliyuan@163.com', 111183, 1463435426),
(49, 'guanliyuan@163.com', 111183, 1463435426),
(50, 'guanliyuan@163.com', 111183, 1463435426),
(51, 'guanliyuan@163.com', 111183, 1463435426),
(62, 'guanliyuan@163.com', 111183, 1463435426),
(63, 'guanliyuan@163.com', 1, 1463435426),
(64, 'guanliyuan@163.com', 1, 1463435426),
(65, 'guanliyuan@163.com', 1, 1463435426),
(66, 'guanliyuan@163.com', 1, 1463435426),
(67, 'guanliyuan@163.com', 1, 1463435426),
(68, 'guanliyuan@163.com', 1, 1463435426),
(69, 'guanliyuan@163.com', 1, 1463435426),
(70, 'guanliyuan@163.com', 1, 1463435426),
(71, 'guanliyuan@163.com', 1, 1463435426),
(72, 'guanliyuan@163.com', 1, 1463435426),
(73, 'guanliyuan@163.com', 1, 1463435426),
(74, 'guanliyuan@163.com', 1, 1463435426),
(75, 'guanliyuan@163.com', 1, 1463435426),
(76, 'guanliyuan@163.com', 1, 1463435426),
(77, 'guanliyuan@163.com', 1, 1463435426),
(78, 'guanliyuan@163.com', 1, 1463435426),
(79, 'guanliyuan@163.com', 1, 1463435426),
(80, 'guanliyuan@163.com', 1, 1463435426),
(81, 'guanliyuan@163.com', 1, 1463435426),
(82, 'guanliyuan@163.com', 1, 1463435426),
(83, 'guanliyuan@163.com', 1, 1463435426),
(84, 'guanliyuan@163.com', 1, 1463435426),
(85, 'guanliyuan@163.com', 1, 1463435426),
(86, 'guanliyuan@163.com', 1, 1463435426),
(87, 'guanliyuan@163.com', 1, 1463435426),
(88, 'guanliyuan@163.com', 1, 1463435426),
(89, 'guanliyuan@163.com', 1, 1463435426),
(90, 'guanliyuan@163.com', 1, 1463435426),
(91, 'guanliyuan@163.com', 1, 1463435426),
(92, 'guanliyuan@163.com', 1, 1463435426),
(93, 'guanliyuan@163.com', 1, 1463435426),
(94, 'guanliyuan@163.com', 1, 1463435426),
(95, 'guanliyuan@163.com', 1, 1463435426),
(96, 'guanliyuan@163.com', 1, 1463435426),
(97, 'guanliyuan@163.com', 1, 1463435426),
(98, 'guanliyuan@163.com', 1, 1463435426),
(99, 'guanliyuan@163.com', 1, 1463435426),
(100, 'guanliyuan@163.com', 1, 1463435426),
(101, 'guanliyuan@163.com', 1, 1463435426),
(102, 'guanliyuan@163.com', 1, 1463435426),
(103, 'guanliyuan@163.com', 1, 1463435426),
(104, 'guanliyuan@163.com', 1, 1463435426),
(105, 'guanliyuan@163.com', 1, 1463435426),
(106, 'guanliyuan@163.com', 1, 1463435426),
(107, 'guanliyuan@163.com', 1, 1463435426),
(108, 'guanliyuan@163.com', 1, 1463435426),
(109, 'guanliyuan@163.com', 1, 1463435426),
(110, 'guanliyuan@163.com', 1, 1463435426),
(111, 'guanliyuan@163.com', 1, 1463435426),
(112, 'guanliyuan@163.com', 1, 1463435426),
(113, 'guanliyuan@163.com', 1, 1463435426),
(114, 'guanliyuan@163.com', 1, 1463435426),
(115, 'guanliyuan@163.com', 1, 1463435426),
(116, 'guanliyuan@163.com', 1, 1463435426),
(117, 'guanliyuan@163.com', 1, 1463435426),
(118, 'guanliyuan@163.com', 1, 1463435426),
(119, 'guanliyuan@163.com', 1, 1463435426),
(120, 'guanliyuan@163.com', 1, 1463435426),
(121, 'guanliyuan@163.com', 1, 1463435426),
(122, 'guanliyuan@163.com', 1, 1463435426),
(123, 'guanliyuan@163.com', 1, 1463435426),
(368, 'guanliyuan@163.com', 3, 1466068472),
(369, 'guanliyuan@163.com', 3, 1466070179),
(370, 'guanliyuan@163.com', 3, 1466070729),
(371, 'guanliyuan@163.com', 26, 1466155879),
(372, 'gaojibianji@163.com', 3, 1466994400),
(373, 'gaojibianji@163.com', 3, 1466998759),
(374, 'gaojibianji@163.com', 3, 1467005571),
(375, 'gaojibianji@163.com', 3, 1467078563),
(376, 'gaojibianji@163.com', 16, 1467078614),
(377, 'gaojibianji@163.com', 3, 1467078771),
(378, 'gaojibianji@163.com', 3, 1467080115),
(379, 'gaojibianji@163.com', 3, 1467080140),
(380, 'gaojibianji@163.com', 3, 1467080286),
(381, 'gaojibianji@163.com', 3, 1467080391),
(382, 'gaojibianji@163.com', 3, 1467080893),
(383, 'gaojibianji@163.com', 3, 1467080906),
(384, 'gaojibianji@163.com', 3, 1467081827),
(385, 'gaojibianji@163.com', 3, 1467082204),
(386, 'gaojibianji@163.com', 3, 1467083661),
(387, 'gaojibianji@163.com', 3, 1467083752),
(388, 'gaojibianji@163.com', 3, 1467083777),
(389, 'gaojibianji@163.com', 3, 1467083813),
(390, 'gaojibianji@163.com', 3, 1467083816),
(391, 'gaojibianji@163.com', 3, 1467083827),
(392, 'gaojibianji@163.com', 3, 1467084323),
(393, 'gaojibianji@163.com', 3, 1467084385),
(394, 'gaojibianji@163.com', 3, 1467084387),
(395, 'gaojibianji@163.com', 3, 1467084460),
(396, 'gaojibianji@163.com', 3, 1467085281),
(397, 'gaojibianji@163.com', 3, 1467085283),
(398, 'gaojibianji@163.com', 3, 1467085354),
(399, 'gaojibianji@163.com', 3, 1467085355),
(400, 'gaojibianji@163.com', 3, 1467085355),
(401, 'gaojibianji@163.com', 3, 1467085355),
(402, 'gaojibianji@163.com', 3, 1467085355),
(403, 'gaojibianji@163.com', 3, 1467085355),
(404, 'gaojibianji@163.com', 3, 1467085355),
(405, 'gaojibianji@163.com', 3, 1467085355),
(406, 'gaojibianji@163.com', 3, 1467085356),
(407, 'gaojibianji@163.com', 3, 1467085356),
(408, 'gaojibianji@163.com', 3, 1467085356),
(409, 'gaojibianji@163.com', 3, 1467085356),
(410, 'gaojibianji@163.com', 3, 1467085684),
(411, 'gaojibianji@163.com', 3, 1467085836),
(412, 'gaojibianji@163.com', 3, 1467085938),
(413, 'gaojibianji@163.com', 3, 1467086025),
(414, 'gaojibianji@163.com', 3, 1467086114),
(415, 'gaojibianji@163.com', 3, 1467086595),
(416, 'gaojibianji@163.com', 3, 1467090171),
(417, 'gaojibianji@163.com', 3, 1467091986),
(418, 'gaojibianji@163.com', 3, 1467092196),
(419, 'gaojibianji@163.com', 3, 1467092210),
(420, 'gaojibianji@163.com', 3, 1467092249),
(421, 'gaojibianji@163.com', 3, 1467092344),
(422, 'gaojibianji@163.com', 3, 1467092360),
(423, 'gaojibianji@163.com', 3, 1467092462),
(424, 'gaojibianji@163.com', 3, 1467092619),
(425, 'gaojibianji@163.com', 3, 1467092648),
(426, 'gaojibianji@163.com', 3, 1467092678),
(427, 'gaojibianji@163.com', 3, 1467092759),
(428, 'gaojibianji@163.com', 3, 1467092781),
(429, 'gaojibianji@163.com', 3, 1467092869),
(430, 'gaojibianji@163.com', 3, 1467092871),
(431, 'gaojibianji@163.com', 3, 1467092969),
(432, 'gaojibianji@163.com', 3, 1467093007),
(433, 'gaojibianji@163.com', 3, 1467093198),
(434, 'gaojibianji@163.com', 3, 1467093222),
(435, 'gaojibianji@163.com', 3, 1467093223),
(436, 'gaojibianji@163.com', 3, 1467093224),
(437, 'gaojibianji@163.com', 3, 1467093224),
(438, 'gaojibianji@163.com', 3, 1467093224),
(439, 'gaojibianji@163.com', 3, 1467093225),
(440, 'gaojibianji@163.com', 3, 1467093225),
(441, 'gaojibianji@163.com', 3, 1467093225),
(442, 'gaojibianji@163.com', 3, 1467093225),
(443, 'gaojibianji@163.com', 3, 1467093225),
(444, 'gaojibianji@163.com', 3, 1467093225),
(445, 'gaojibianji@163.com', 3, 1467093225),
(446, 'gaojibianji@163.com', 3, 1467093226),
(447, 'gaojibianji@163.com', 3, 1467093226),
(448, 'gaojibianji@163.com', 3, 1467093386),
(449, 'gaojibianji@163.com', 3, 1467093444),
(450, 'gaojibianji@163.com', 3, 1467093474),
(451, 'gaojibianji@163.com', 3, 1467093563),
(452, 'gaojibianji@163.com', 3, 1467093574),
(453, 'gaojibianji@163.com', 3, 1467093648),
(454, 'gaojibianji@163.com', 3, 1467093687),
(455, 'gaojibianji@163.com', 3, 1467093706),
(456, 'gaojibianji@163.com', 3, 1467093716),
(457, 'gaojibianji@163.com', 3, 1467093724),
(458, 'gaojibianji@163.com', 3, 1467093741),
(459, 'gaojibianji@163.com', 3, 1467093787),
(460, 'gaojibianji@163.com', 3, 1467094081),
(461, 'gaojibianji@163.com', 3, 1467094404),
(462, 'gaojibianji@163.com', 3, 1467094435),
(463, 'gaojibianji@163.com', 3, 1467094780),
(464, 'gaojibianji@163.com', 3, 1467095158),
(465, 'gaojibianji@163.com', 3, 1467095679),
(466, 'gaojibianji@163.com', 3, 1467095787),
(467, 'gaojibianji@163.com', 3, 1467095845),
(468, 'gaojibianji@163.com', 3, 1467095864),
(469, 'gaojibianji@163.com', 3, 1467095909),
(470, 'gaojibianji@163.com', 3, 1467096035),
(471, 'gaojibianji@163.com', 3, 1467096065),
(472, 'gaojibianji@163.com', 3, 1467096075),
(473, 'gaojibianji@163.com', 3, 1467096101),
(474, 'gaojibianji@163.com', 3, 1467096117),
(475, 'gaojibianji@163.com', 3, 1467096145),
(476, 'gaojibianji@163.com', 3, 1467096259),
(477, 'gaojibianji@163.com', 3, 1467096356),
(478, 'gaojibianji@163.com', 3, 1467096376),
(479, 'gaojibianji@163.com', 3, 1467097290),
(480, 'gaojibianji@163.com', 3, 1467097294),
(481, 'gaojibianji@163.com', 3, 1467097296),
(482, 'gaojibianji@163.com', 3, 1467097302),
(483, 'gaojibianji@163.com', 3, 1467097332),
(484, 'gaojibianji@163.com', 3, 1467097338),
(485, 'gaojibianji@163.com', 3, 1467097343),
(486, 'gaojibianji@163.com', 3, 1467097457),
(487, 'gaojibianji@163.com', 3, 1467097467),
(488, 'gaojibianji@163.com', 3, 1467097472),
(489, 'gaojibianji@163.com', 3, 1467097476),
(490, 'gaojibianji@163.com', 3, 1467097933),
(491, 'gaojibianji@163.com', 3, 1467097962),
(492, 'gaojibianji@163.com', 3, 1467097980),
(493, 'gaojibianji@163.com', 3, 1467097983),
(494, 'gaojibianji@163.com', 3, 1467098101),
(495, 'gaojibianji@163.com', 3, 1467098175),
(496, 'gaojibianji@163.com', 3, 1467098287),
(497, 'gaojibianji@163.com', 3, 1467098562),
(498, 'gaojibianji@163.com', 3, 1467099033),
(499, 'gaojibianji@163.com', 3, 1467100863),
(500, 'gaojibianji@163.com', 3, 1467101288),
(501, 'gaojibianji@163.com', 3, 1467102081),
(502, 'gaojibianji@163.com', 3, 1467102146),
(503, 'gaojibianji@163.com', 3, 1467102245),
(504, 'gaojibianji@163.com', 3, 1467102298),
(505, 'gaojibianji@163.com', 3, 1467102344),
(506, 'gaojibianji@163.com', 3, 1467102395),
(507, 'gaojibianji@163.com', 3, 1467102412),
(508, 'gaojibianji@163.com', 3, 1467102646),
(509, 'gaojibianji@163.com', 3, 1467102668),
(510, 'gaojibianji@163.com', 3, 1467102701),
(511, 'gaojibianji@163.com', 3, 1467103577),
(512, 'gaojibianji@163.com', 3, 1467104005),
(513, 'gaojibianji@163.com', 3, 1467104024),
(514, 'gaojibianji@163.com', 3, 1467104367),
(515, 'gaojibianji@163.com', 3, 1467104932),
(516, 'gaojibianji@163.com', 3, 1467104952),
(517, 'gaojibianji@163.com', 3, 1467105032),
(518, 'gaojibianji@163.com', 3, 1467105107),
(519, 'gaojibianji@163.com', 3, 1467105166),
(520, 'gaojibianji@163.com', 3, 1467105185),
(521, 'gaojibianji@163.com', 3, 1467105248),
(522, 'gaojibianji@163.com', 3, 1467106152),
(523, 'gaojibianji@163.com', 3, 1467106478),
(524, 'gaojibianji@163.com', 3, 1467106512),
(525, 'gaojibianji@163.com', 3, 1467106616),
(526, 'gaojibianji@163.com', 3, 1467106719),
(527, 'gaojibianji@163.com', 3, 1467107058),
(528, 'gaojibianji@163.com', 3, 1467107111),
(529, 'gaojibianji@163.com', 16, 1467107166),
(530, 'gaojibianji@163.com', 16, 1467107230),
(531, 'gaojibianji@163.com', 16, 1467107401),
(532, 'gaojibianji@163.com', 3, 1467164890),
(533, 'gaojibianji@163.com', 3, 1467164944),
(534, 'gaojibianji@163.com', 3, 1467168227),
(535, 'gaojibianji@163.com', 3, 1467168266),
(536, 'gaojibianji@163.com', 3, 1467168339),
(537, 'gaojibianji@163.com', 3, 1467169905),
(538, 'gaojibianji@163.com', 3, 1467170202),
(539, 'gaojibianji@163.com', 3, 1467170290),
(540, 'gaojibianji@163.com', 3, 1467170378),
(541, 'gaojibianji@163.com', 3, 1467170965),
(542, 'gaojibianji@163.com', 3, 1467170991),
(543, 'gaojibianji@163.com', 3, 1467171532),
(544, 'gaojibianji@163.com', 3, 1467171795),
(545, 'gaojibianji@163.com', 3, 1467172051),
(546, 'gaojibianji@163.com', 3, 1467177944),
(547, 'gaojibianji@163.com', 3, 1467179898),
(548, 'gaojibianji@163.com', 3, 1467180016),
(549, 'gaojibianji@163.com', 3, 1467180097),
(550, 'gaojibianji@163.com', 3, 1467180142),
(551, 'gaojibianji@163.com', 3, 1467180179),
(552, 'gaojibianji@163.com', 3, 1467180254),
(553, 'gaojibianji@163.com', 3, 1467180368),
(554, 'gaojibianji@163.com', 3, 1467180420),
(555, 'gaojibianji@163.com', 3, 1467180459),
(556, 'gaojibianji@163.com', 3, 1467180494),
(557, 'gaojibianji@163.com', 3, 1467180522),
(558, 'gaojibianji@163.com', 3, 1467180569),
(559, 'gaojibianji@163.com', 3, 1467180647),
(560, 'gaojibianji@163.com', 3, 1467180682),
(561, 'gaojibianji@163.com', 3, 1467180713),
(562, 'gaojibianji@163.com', 3, 1467181008),
(563, 'gaojibianji@163.com', 3, 1467181065),
(564, 'gaojibianji@163.com', 3, 1467181114),
(565, 'gaojibianji@163.com', 3, 1467181510),
(566, 'gaojibianji@163.com', 3, 1467189590),
(567, 'gaojibianji@163.com', 3, 1467192027),
(568, 'gaojibianji@163.com', 3, 1467259026),
(569, 'gaojibianji@163.com', 3, 1467259030),
(570, 'gaojibianji@163.com', 3, 1467259050),
(571, 'gaojibianji@163.com', 3, 1467259080),
(572, 'gaojibianji@163.com', 3, 1467259128),
(573, 'gaojibianji@163.com', 3, 1467259146),
(574, 'gaojibianji@163.com', 3, 1467259358),
(575, 'gaojibianji@163.com', 3, 1467259452),
(576, 'gaojibianji@163.com', 3, 1467259581),
(577, 'gaojibianji@163.com', 3, 1467259707),
(578, 'gaojibianji@163.com', 3, 1467259858),
(579, 'gaojibianji@163.com', 3, 1467259859),
(580, 'gaojibianji@163.com', 3, 1467259860),
(581, 'gaojibianji@163.com', 3, 1467259861),
(582, 'gaojibianji@163.com', 3, 1467259864),
(583, 'gaojibianji@163.com', 3, 1467259916),
(584, 'gaojibianji@163.com', 3, 1467259937),
(585, 'gaojibianji@163.com', 3, 1467259988),
(586, 'gaojibianji@163.com', 3, 1467260052),
(587, 'gaojibianji@163.com', 3, 1467260066),
(588, 'gaojibianji@163.com', 3, 1467260131),
(589, 'gaojibianji@163.com', 3, 1467260186),
(590, 'gaojibianji@163.com', 3, 1467260202),
(591, 'gaojibianji@163.com', 3, 1467260234),
(592, 'gaojibianji@163.com', 3, 1467260294),
(593, 'gaojibianji@163.com', 3, 1467260381),
(594, 'gaojibianji@163.com', 3, 1467260406),
(595, 'gaojibianji@163.com', 3, 1467260433),
(596, 'gaojibianji@163.com', 3, 1467260467),
(597, 'gaojibianji@163.com', 3, 1467260486),
(598, 'gaojibianji@163.com', 3, 1467260509),
(599, 'gaojibianji@163.com', 3, 1467260615),
(600, 'gaojibianji@163.com', 3, 1467260649),
(601, 'gaojibianji@163.com', 3, 1467260657),
(602, 'gaojibianji@163.com', 3, 1467260677),
(603, 'gaojibianji@163.com', 3, 1467260690),
(604, 'gaojibianji@163.com', 3, 1467260754),
(605, 'gaojibianji@163.com', 3, 1467260762),
(606, 'gaojibianji@163.com', 3, 1467260796),
(607, 'gaojibianji@163.com', 3, 1467260823),
(608, 'gaojibianji@163.com', 3, 1467260859),
(609, 'gaojibianji@163.com', 3, 1467260949),
(610, 'gaojibianji@163.com', 3, 1467261038),
(611, 'gaojibianji@163.com', 3, 1467261050),
(612, 'gaojibianji@163.com', 3, 1467261063),
(613, 'gaojibianji@163.com', 3, 1467261093),
(614, 'gaojibianji@163.com', 3, 1467261111),
(615, 'gaojibianji@163.com', 3, 1467261123),
(616, 'gaojibianji@163.com', 3, 1467261171),
(617, 'gaojibianji@163.com', 3, 1467261176),
(618, 'gaojibianji@163.com', 3, 1467261299),
(619, 'gaojibianji@163.com', 3, 1467261318),
(620, 'gaojibianji@163.com', 3, 1467261333),
(621, 'gaojibianji@163.com', 3, 1467269899),
(622, 'gaojibianji@163.com', 3, 1467272617),
(623, 'gaojibianji@163.com', 3, 1467272660),
(624, 'gaojibianji@163.com', 3, 1467276265),
(625, 'gaojibianji@163.com', 3, 1467276304),
(626, 'gaojibianji@163.com', 3, 1467276346),
(627, 'gaojibianji@163.com', 3, 1467276824),
(628, 'gaojibianji@163.com', 3, 1467276843),
(629, 'gaojibianji@163.com', 3, 1467276888),
(630, 'gaojibianji@163.com', 3, 1467276937),
(631, 'gaojibianji@163.com', 3, 1467277003),
(632, 'gaojibianji@163.com', 3, 1467277491),
(633, 'gaojibianji@163.com', 3, 1467277554),
(634, 'gaojibianji@163.com', 3, 1467277602),
(635, 'gaojibianji@163.com', 3, 1467277659),
(636, 'gaojibianji@163.com', 3, 1467277695),
(637, 'gaojibianji@163.com', 3, 1467277783),
(638, 'gaojibianji@163.com', 3, 1467277825),
(639, 'gaojibianji@163.com', 3, 1467277862),
(640, 'gaojibianji@163.com', 3, 1467277890),
(641, 'gaojibianji@163.com', 3, 1467277908),
(642, 'gaojibianji@163.com', 3, 1467277968),
(643, 'gaojibianji@163.com', 3, 1467278832),
(644, 'gaojibianji@163.com', 3, 1467278991),
(645, 'gaojibianji@163.com', 3, 1467279097),
(646, 'gaojibianji@163.com', 3, 1467279102),
(647, 'gaojibianji@163.com', 3, 1467279223),
(648, 'gaojibianji@163.com', 3, 1467279270),
(649, 'gaojibianji@163.com', 3, 1467279429),
(650, 'gaojibianji@163.com', 3, 1467279497),
(651, 'gaojibianji@163.com', 3, 1467279542),
(652, 'gaojibianji@163.com', 3, 1467279577),
(653, 'gaojibianji@163.com', 3, 1467279580),
(654, 'gaojibianji@163.com', 3, 1467279605),
(655, 'gaojibianji@163.com', 3, 1467279648),
(656, 'gaojibianji@163.com', 3, 1467279769),
(657, 'gaojibianji@163.com', 3, 1467279812),
(658, 'gaojibianji@163.com', 3, 1467279852),
(659, 'gaojibianji@163.com', 3, 1467279941),
(660, 'gaojibianji@163.com', 3, 1467280047),
(661, 'gaojibianji@163.com', 3, 1467280068),
(662, 'gaojibianji@163.com', 3, 1467280164),
(663, 'gaojibianji@163.com', 3, 1467280232),
(664, 'gaojibianji@163.com', 3, 1467280301),
(665, 'gaojibianji@163.com', 3, 1467280317),
(666, 'gaojibianji@163.com', 3, 1467280423),
(667, 'gaojibianji@163.com', 3, 1467280532),
(668, 'gaojibianji@163.com', 3, 1467280635),
(669, 'gaojibianji@163.com', 3, 1467280663),
(670, 'gaojibianji@163.com', 3, 1467280683),
(671, 'gaojibianji@163.com', 3, 1467280803),
(672, 'gaojibianji@163.com', 3, 1467280850),
(673, 'gaojibianji@163.com', 3, 1467281127),
(674, 'gaojibianji@163.com', 3, 1467281240),
(675, 'gaojibianji@163.com', 3, 1467281257),
(676, 'gaojibianji@163.com', 3, 1467336703),
(677, 'gaojibianji@163.com', 3, 1467336796),
(678, 'gaojibianji@163.com', 3, 1467336984),
(679, 'gaojibianji@163.com', 3, 1467336999),
(680, 'gaojibianji@163.com', 3, 1467337077),
(681, 'gaojibianji@163.com', 3, 1467337193),
(682, 'gaojibianji@163.com', 3, 1467359854),
(683, 'gaojibianji@163.com', 3, 1467359891),
(684, 'gaojibianji@163.com', 3, 1467359907),
(685, 'gaojibianji@163.com', 3, 1467363920),
(686, 'gaojibianji@163.com', 3, 1467363927),
(687, 'gaojibianji@163.com', 3, 1467363964),
(688, 'gaojibianji@163.com', 1, 1467625692),
(689, 'gaojibianji@163.com', 0, 1467625754),
(690, 'gaojibianji@163.com', 0, 1467625786),
(691, 'gaojibianji@163.com', 0, 1467625791),
(692, 'gaojibianji@163.com', 0, 1467625872),
(693, 'gaojibianji@163.com', 0, 1467625872),
(694, 'gaojibianji@163.com', 0, 1467625876),
(695, 'gaojibianji@163.com', 0, 1467625919),
(696, 'gaojibianji@163.com', 0, 1467625929),
(697, 'gaojibianji@163.com', 3, 1467625958),
(698, 'gaojibianji@163.com', 0, 1467626010),
(699, 'gaojibianji@163.com', 3, 1467626071),
(700, 'gaojibianji@163.com', 3, 1467626093),
(701, 'gaojibianji@163.com', 3, 1467626181),
(702, 'gaojibianji@163.com', 3, 1467682583),
(703, 'gaojibianji@163.com', 3, 1467682611),
(704, 'gaojibianji@163.com', 3, 1467701333),
(705, 'gaojibianji@163.com', 3, 1468122471),
(706, 'gaojibianji@163.com', 6, 1468122476),
(707, 'gaojibianji@163.com', 6, 1468122481),
(708, 'gaojibianji@163.com', 6, 1468122496),
(709, 'gaojibianji@163.com', 111319, 1468740932),
(710, 'gaojibianji@163.com', 111319, 1468741031),
(711, 'gaojibianji@163.com', 111323, 1468742494),
(712, 'gaojibianji@163.com', 111323, 1468742532),
(713, 'gaojibianji@163.com', 111324, 1468742680),
(714, 'gaojibianji@163.com', 111325, 1468742793),
(715, 'gaojibianji@163.com', 111326, 1468742839),
(716, 'gaojibianji@163.com', 111326, 1468743090),
(717, 'gaojibianji@163.com', 111325, 1468743109),
(718, 'gaojibianji@163.com', 111325, 1468743121),
(719, 'gaojibianji@163.com', 111323, 1468743136),
(720, 'gaojibianji@163.com', 111323, 1468743371),
(721, 'gaojibianji@163.com', 111323, 1468743379),
(722, 'gaojibianji@163.com', 111326, 1468743387),
(723, 'gaojibianji@163.com', 111326, 1468743558),
(724, 'gaojibianji@163.com', 111324, 1468743610),
(725, 'gaojibianji@163.com', 111322, 1468743700),
(726, 'gaojibianji@163.com', 111327, 1468744046),
(727, 'gaojibianji@163.com', 111328, 1468744139),
(728, 'gaojibianji@163.com', 111328, 1468744242),
(729, 'gaojibianji@163.com', 111330, 1468745920),
(730, 'gaojibianji@163.com', 111330, 1468746026),
(731, 'gaojibianji@163.com', 111330, 1468746113),
(732, 'gaojibianji@163.com', 111330, 1468746128),
(733, 'gaojibianji@163.com', 111330, 1468746161),
(734, 'gaojibianji@163.com', 111330, 1468746210),
(735, 'gaojibianji@163.com', 111324, 1468746273),
(736, 'gaojibianji@163.com', 111331, 1468746323),
(737, 'gaojibianji@163.com', 111331, 1468747617),
(738, 'gaojibianji@163.com', 111331, 1468749400),
(739, 'gaojibianji@163.com', 111331, 1468751494),
(740, 'gaojibianji@163.com', 111331, 1468751526),
(741, 'gaojibianji@163.com', 111331, 1468751534),
(742, 'gaojibianji@163.com', 111331, 1468751635),
(743, 'gaojibianji@163.com', 111331, 1468751652),
(744, 'gaojibianji@163.com', 111331, 1468751669),
(745, 'gaojibianji@163.com', 111331, 1468751714),
(746, 'gaojibianji@163.com', 111331, 1468751734),
(747, 'gaojibianji@163.com', 111331, 1468751739),
(748, 'gaojibianji@163.com', 111331, 1468751858),
(749, 'gaojibianji@163.com', 111331, 1468752210),
(750, 'gaojibianji@163.com', 111331, 1468752280),
(751, 'gaojibianji@163.com', 111322, 1468752640),
(752, 'gaojibianji@163.com', 111332, 1468752715),
(753, 'gaojibianji@163.com', 111332, 1468752790),
(754, 'gaojibianji@163.com', 111332, 1468752926),
(755, 'gaojibianji@163.com', 111332, 1468753551),
(756, 'gaojibianji@163.com', 111333, 1468753740),
(757, 'gaojibianji@163.com', 111332, 1468762018),
(758, 'gaojibianji@163.com', 111332, 1468762146),
(759, 'gaojibianji@163.com', 111334, 1468768583),
(760, 'gaojibianji@163.com', 111334, 1468768627),
(761, 'gaojibianji@163.com', 111334, 1468768629),
(762, 'gaojibianji@163.com', 111334, 1468768711),
(763, 'gaojibianji@163.com', 111334, 1468850491),
(764, 'gaojibianji@163.com', 111343, 1468867068),
(765, 'gaojibianji@163.com', 111345, 1468999589),
(766, 'gaojibianji@163.com', 111345, 1469001620),
(767, 'gaojibianji@163.com', 111345, 1469001633),
(768, 'gaojibianji@163.com', 111345, 1469001639),
(769, 'gaojibianji@163.com', 111345, 1469015537),
(770, 'gaojibianji@163.com', 111357, 1469016705),
(771, 'gaojibianji@163.com', 111384, 1469355264),
(772, 'gaojibianji@163.com', 111385, 1469355635),
(773, 'gaojibianji@163.com', 111432, 1469423922),
(774, 'gaojibianji@163.com', 111406, 1469441466),
(775, 'gaojibianji@163.com', 111391, 1469441520),
(776, 'gaojibianji@163.com', 111437, 1469441665),
(777, 'gaojibianji@163.com', 111454, 1469598070),
(778, 'gaojibianji@163.com', 111454, 1469598118),
(779, 'gaojibianji@163.com', 111454, 1469598124),
(780, 'gaojibianji@163.com', 111454, 1469598185),
(781, 'gaojibianji@163.com', 111453, 1469598197),
(782, 'gaojibianji@163.com', 111452, 1469598206),
(783, 'gaojibianji@163.com', 111454, 1469598237),
(784, 'gaojibianji@163.com', 111362, 1469598247),
(785, 'gaojibianji@163.com', 111454, 1469603237),
(786, 'gaojibianji@163.com', 111362, 1469605469),
(787, 'gaojibianji@163.com', 111457, 1469611261),
(788, 'gaojibianji@163.com', 111457, 1469611284),
(789, 'gaojibianji@163.com', 111455, 1469611294),
(790, 'gaojibianji@163.com', 111455, 1469611314),
(791, 'gaojibianji@163.com', 111455, 1469611726),
(792, 'gaojibianji@163.com', 111454, 1469611739),
(793, 'gaojibianji@163.com', 111449, 1469611825),
(794, 'gaojibianji@163.com', 111458, 1469611915),
(795, 'gaojibianji@163.com', 111459, 1469612026),
(796, 'gaojibianji@163.com', 111455, 1469613032),
(797, 'gaojibianji@163.com', 111459, 1469613037),
(798, 'gaojibianji@163.com', 111458, 1469613052),
(799, 'gaojibianji@163.com', 111459, 1469613113),
(800, 'gaojibianji@163.com', 111460, 1469613278),
(801, 'gaojibianji@163.com', 111460, 1469613283),
(802, 'gaojibianji@163.com', 111458, 1469613309),
(803, 'gaojibianji@163.com', 111458, 1469613317),
(804, 'gaojibianji@163.com', 111454, 1469613424),
(805, 'gaojibianji@163.com', 111437, 1469613461),
(806, 'gaojibianji@163.com', 111437, 1469613472),
(807, 'gaojibianji@163.com', 111437, 1469613479),
(808, 'gaojibianji@163.com', 111458, 1469613515),
(809, 'gaojibianji@163.com', 111458, 1469613531),
(810, 'gaojibianji@163.com', 111455, 1469613540),
(811, 'gaojibianji@163.com', 111458, 1469613551),
(812, 'gaojibianji@163.com', 111454, 1469613560),
(813, 'gaojibianji@163.com', 111437, 1469613606),
(814, 'gaojibianji@163.com', 111362, 1469613622),
(815, 'gaojibianji@163.com', 111359, 1469613632),
(816, 'gaojibianji@163.com', 111461, 1469613688),
(817, 'gaojibianji@163.com', 111461, 1469631929),
(818, 'gaojibianji@163.com', 111460, 1469631936),
(819, 'gaojibianji@163.com', 111459, 1469631943),
(820, 'gaojibianji@163.com', 111462, 1469632041),
(821, 'gaojibianji@163.com', 111462, 1469632047),
(822, 'gaojibianji@163.com', 111463, 1469632646),
(823, 'gaojibianji@163.com', 111463, 1469632649),
(824, 'gaojibianji@163.com', 111463, 1469632720),
(825, 'gaojibianji@163.com', 111463, 1469632733),
(826, 'gaojibianji@163.com', 111464, 1469632829),
(827, 'gaojibianji@163.com', 111464, 1469632836),
(828, 'gaojibianji@163.com', 111465, 1469634112),
(829, 'gaojibianji@163.com', 111465, 1469634206),
(830, 'gaojibianji@163.com', 111465, 1469634221),
(831, 'gaojibianji@163.com', 111465, 1469634249),
(832, 'gaojibianji@163.com', 111461, 1469634269),
(833, 'gaojibianji@163.com', 111461, 1469634273),
(834, 'gaojibianji@163.com', 111464, 1469634439),
(835, 'gaojibianji@163.com', 111466, 1469634498),
(836, 'gaojibianji@163.com', 111466, 1469634523),
(837, 'gaojibianji@163.com', 111466, 1469670551),
(838, 'gaojibianji@163.com', 111492, 1469948682),
(839, 'gaojibianji@163.com', 111492, 1469949926),
(840, 'gaojibianji@163.com', 111492, 1469949954),
(841, 'gaojibianji@163.com', 111492, 1469950011),
(842, 'gaojibianji@163.com', 111492, 1469950116),
(843, 'gaojibianji@163.com', 111493, 1469950855),
(844, 'gaojibianji@163.com', 111493, 1469951137),
(845, 'gaojibianji@163.com', 111493, 1469951184),
(846, 'gaojibianji@163.com', 111493, 1469951229),
(847, 'gaojibianji@163.com', 111493, 1469951557),
(848, 'gaojibianji@163.com', 111493, 1469951735),
(849, 'gaojibianji@163.com', 111493, 1469952466),
(850, 'gaojibianji@163.com', 111493, 1469952481),
(851, 'gaojibianji@163.com', 111493, 1469952496),
(852, 'gaojibianji@163.com', 111493, 1469952519),
(853, 'gaojibianji@163.com', 111493, 1469952541),
(854, 'gaojibianji@163.com', 111493, 1469952546),
(855, 'gaojibianji@163.com', 111493, 1469952594),
(856, 'gaojibianji@163.com', 111493, 1469952616),
(857, 'gaojibianji@163.com', 111493, 1469952798),
(858, 'gaojibianji@163.com', 111493, 1469952827),
(859, 'gaojibianji@163.com', 111493, 1469952908),
(860, 'gaojibianji@163.com', 111493, 1469953252),
(861, 'gaojibianji@163.com', 111493, 1469953298),
(862, 'gaojibianji@163.com', 111493, 1469953479),
(863, 'gaojibianji@163.com', 111493, 1469953559),
(864, 'gaojibianji@163.com', 111493, 1469953588),
(865, 'gaojibianji@163.com', 111493, 1469953708),
(866, 'gaojibianji@163.com', 111493, 1469953732),
(867, 'gaojibianji@163.com', 111493, 1469953755),
(868, 'gaojibianji@163.com', 111493, 1469953816),
(869, 'gaojibianji@163.com', 111493, 1469953821),
(870, 'gaojibianji@163.com', 111493, 1469954465),
(871, 'gaojibianji@163.com', 111493, 1469954576),
(872, 'gaojibianji@163.com', 111493, 1469954620),
(873, 'gaojibianji@163.com', 111493, 1469954674),
(874, 'gaojibianji@163.com', 111493, 1469954841),
(875, 'gaojibianji@163.com', 111493, 1469954886),
(876, 'gaojibianji@163.com', 111493, 1469955861),
(877, 'gaojibianji@163.com', 111493, 1469956087),
(878, 'gaojibianji@163.com', 111493, 1469956212),
(879, 'gaojibianji@163.com', 111493, 1469956390),
(880, 'gaojibianji@163.com', 111493, 1469956402),
(881, 'gaojibianji@163.com', 111493, 1469956620),
(882, 'gaojibianji@163.com', 111493, 1469956654),
(883, 'gaojibianji@163.com', 111493, 1469956684),
(884, 'gaojibianji@163.com', 111493, 1469956767),
(885, 'gaojibianji@163.com', 111493, 1469956812),
(886, 'gaojibianji@163.com', 111493, 1469957207),
(887, 'gaojibianji@163.com', 111493, 1469957375),
(888, 'gaojibianji@163.com', 111493, 1469957420),
(889, 'gaojibianji@163.com', 111493, 1469957428),
(890, 'gaojibianji@163.com', 111493, 1469957444),
(891, 'gaojibianji@163.com', 111493, 1469957523),
(892, 'gaojibianji@163.com', 111493, 1469957536),
(893, 'gaojibianji@163.com', 111493, 1469957557),
(894, 'gaojibianji@163.com', 111493, 1469957584),
(895, 'gaojibianji@163.com', 111493, 1469957635),
(896, 'gaojibianji@163.com', 111493, 1469957672),
(897, 'gaojibianji@163.com', 111493, 1469957679),
(898, 'gaojibianji@163.com', 111493, 1469957686),
(899, 'gaojibianji@163.com', 111493, 1469957690),
(900, 'gaojibianji@163.com', 111493, 1469957695),
(901, 'gaojibianji@163.com', 111493, 1469957711),
(902, 'gaojibianji@163.com', 111493, 1469957823),
(903, 'gaojibianji@163.com', 111493, 1469957904),
(904, 'gaojibianji@163.com', 111493, 1469957922),
(905, 'gaojibianji@163.com', 111493, 1469957932),
(906, 'gaojibianji@163.com', 111493, 1469957955),
(907, 'gaojibianji@163.com', 111493, 1469957975),
(908, 'gaojibianji@163.com', 111493, 1469958064),
(909, 'gaojibianji@163.com', 111493, 1469958086),
(910, 'gaojibianji@163.com', 111493, 1469975583),
(911, 'gaojibianji@163.com', 31, 1469975596),
(912, 'gaojibianji@163.com', 111493, 1469975677),
(913, 'gaojibianji@163.com', 111493, 1469975697),
(914, 'gaojibianji@163.com', 111494, 1470005766),
(915, 'gaojibianji@163.com', 111494, 1470005987),
(916, 'gaojibianji@163.com', 111494, 1470006003),
(917, 'gaojibianji@163.com', 111495, 1470106254),
(918, 'gaojibianji@163.com', 111495, 1470106417),
(919, 'gaojibianji@163.com', 12, 1470106524),
(920, 'gaojibianji@163.com', 12, 1470106584),
(921, 'gaojibianji@163.com', 12, 1470106628),
(922, 'gaojibianji@163.com', 111495, 1470107287),
(923, 'gaojibianji@163.com', 111495, 1470107433),
(924, 'gaojibianji@163.com', 111495, 1470107594),
(925, 'gaojibianji@163.com', 111495, 1470107644),
(926, 'gaojibianji@163.com', 111495, 1470107675),
(927, 'gaojibianji@163.com', 111498, 1470107800),
(928, 'gaojibianji@163.com', 111498, 1470107874),
(929, 'gaojibianji@163.com', 111498, 1470107909),
(930, 'gaojibianji@163.com', 111498, 1470107959),
(931, 'gaojibianji@163.com', 111498, 1470108062),
(932, 'gaojibianji@163.com', 111498, 1470108085),
(933, 'gaojibianji@163.com', 111498, 1470108177),
(934, 'gaojibianji@163.com', 111504, 1470195475);

-- --------------------------------------------------------

--
-- Ë°®ÁöÑÁªìÊûÑ `log`
--

CREATE TABLE IF NOT EXISTS `log` (
  `id` int(11) NOT NULL AUTO_INCREMENT,
  `title` varchar(255) NOT NULL,
  `delete_person` varchar(255) NOT NULL,
  `delete_time` varchar(255) NOT NULL,
  PRIMARY KEY (`id`)
) ENGINE=MyISAM  DEFAULT CHARSET=latin1 AUTO_INCREMENT=192 ;

--
-- ËΩ¨Â≠òË°®‰∏≠ÁöÑÊï∞ÊçÆ `log`
--

INSERT INTO `log` (`id`, `title`, `delete_person`, `delete_time`) VALUES
(174, 'ttttt', 'joseph', '1470033400'),
(173, '', '111', '1470031707'),
(172, 'ttttt', 'joseph', '1470005556'),
(171, '123', 'gaojibianji@163.com', '1469976610'),
(170, '123', 'gaojibianji@163.com', '1469976610'),
(169, '123', 'gaojibianji@163.com', '1469878757'),
(168, '123123', 'gaojibianji@163.com', '1469878757'),
(166, '', 'gaojibianji@163.com', '1469878757'),
(167, '', 'gaojibianji@163.com', '1469878757'),
(175, 'ttttt', 'timi', '1470039815'),
(176, '123123', 'sybil', '1470125003'),
(177, 'bnmbnmb', 'gaojibianji@163.com', '1470125028'),
(178, '123', 'gaojibianji@163.com', '1470125028'),
(179, 'bnmbnmb', 'gaojibianji@163.com', '1470125106'),
(180, '123', 'gaojibianji@163.com', '1470125106'),
(181, '123', 'gaojibianji@163.com', '1470128025'),
(182, '', 'gaojibianji@163.com', '1470128025'),
(183, '123123', 'gaojibianji@163.com', '1470128089'),
(184, 'bnmbnmb', 'sybil', '1470128253'),
(185, '123', 'sybil', '1470128253'),
(186, 'bnmbnmb', 'timi', '1470128703'),
(187, '123', 'timi', '1470128703'),
(188, '123123', 'timi', '1470128779'),
(189, '123', 'sybil', '1470128806'),
(190, '123123', 'sybil', '1470129229'),
(191, '', 'sybil', '1470129241');

-- --------------------------------------------------------

--
-- Ë°®ÁöÑÁªìÊûÑ `user`
--

CREATE TABLE IF NOT EXISTS `user` (
  `uid` int(11) NOT NULL AUTO_INCREMENT,
  `username` varchar(255) NOT NULL,
  `password` varchar(255) NOT NULL,
  `name` varchar(255) NOT NULL,
  `avator` varchar(255) NOT NULL COMMENT 'Â§¥ÂÉè',
  `city` varchar(255) NOT NULL COMMENT 'ÂüéÂ∏Ç',
  `group` varchar(255) DEFAULT NULL COMMENT 'ÁªÑ',
  `group2` int(255) NOT NULL,
  `dtimes` varchar(255) DEFAULT '0' COMMENT 'ÊàëÁöÑÊñáÁ´†Ë¢´‰∏ãËΩΩÊ¨°Êï∞',
  `dtime` varchar(255) DEFAULT '0' COMMENT 'Êàë‰∏ãËΩΩÊñáÁ´†ÁöÑÊ¨°Êï∞',
  `integration` int(255) NOT NULL DEFAULT '0',
  PRIMARY KEY (`uid`)
) ENGINE=MyISAM  DEFAULT CHARSET=utf8 AUTO_INCREMENT=122 ;

--
-- ËΩ¨Â≠òË°®‰∏≠ÁöÑÊï∞ÊçÆ `user`
--

INSERT INTO `user` (`uid`, `username`, `password`, `name`, `avator`, `city`, `group`, `group2`, `dtimes`, `dtime`, `integration`) VALUES
(1, 'gaojibianji@163.com', '123', 'sybil', 'Public/yl.com/uploadpic/avator/Coverpic/20160802131745288.png', 'Shanghai', '2', 2, '669', '892', 298),
(27, 'guanliyuan@163.com', '111', 'timi', 'Public/yl.com/uploadpic/avator/Coverpic/20160727150327880.png', 'Shanghai', '1', 1, '7', '879', 285),
(10, 'yonghu@163.com', '111', 'miller', 'Public/yl.com/uploadpic/avator/Coverpic/20160801064643123.png', 'Shanghai', '4', 4, '0', '0', 0),
(12, 'bianji@163.com', '111', 'joseph', 'Public/yl.com/uploadpic/avator/Coverpic/20160727133057369.png', 'Shanghai', '3', 3, '38', '874', 271),
(121, '333', '33', '333', '', 'Shanghai', '1', 1, '0', '0', 0),
(120, '123123@123123', '123123', '123123', '', 'Shanghai', '1', 1, '0', '0', 0);

/*!40101 SET CHARACTER_SET_CLIENT=@OLD_CHARACTER_SET_CLIENT */;
/*!40101 SET CHARACTER_SET_RESULTS=@OLD_CHARACTER_SET_RESULTS */;
/*!40101 SET COLLATION_CONNECTION=@OLD_COLLATION_CONNECTION */;
